project_id,work_name,state,district,constituency,mp_name,sector,work_type,sanctioned_amount,estimated_cost,actual_expenditure,sanction_date,start_date,expected_completion_date,completion_date,status,physical_progress_percentage,implementing_agency,latitude,longitude,beneficiary_count,unit,quantity
"DEMO-001","Construction of CC Road from Main Market to Panchayat Bhavan, Barabanki","Uttar Pradesh","Barabanki","Barabanki (SC)","Tanuj Punia","Infrastructure","Road Construction",8500000,8500000,8250000,"2024-03-10","2024-04-01","2024-11-30","2024-12-15","Completed",100,"Public Works Department (PWD Div-2)",26.9271,81.1834,3200,"km",1.1
"DEMO-002","Construction of 30-bed Primary Health Centre Inpatient Wing at Chargawan","Uttar Pradesh","Gorakhpur","Gorakhpur","Ravi Kishan","Healthcare","Primary Health Centre",6500000,6500000,4200000,"2022-04-15","2022-06-01","2023-03-31","","Stalled",42,"Uttar Pradesh State Construction Corp (UPSIC)",26.7915,83.3982,15000,"beds",30
"DEMO-003","Installation of 150 High-Mast Solar Street Light Units across 12 Rural Wards","Bihar","Patna","Patna Sahib","Ravi Shankar Prasad","Energy & Lighting","Solar Street Lights",4800000,4800000,4620000,"2023-08-20","2023-10-05","2024-04-30","","In Progress",30,"Bihar Renewable Energy Development Agency (BREDA)",25.5941,85.1376,8500,"units",150
"DEMO-004","Construction of Multipurpose Community Hall at Village Rampur Kalan, Loni Block","Uttar Pradesh","Ghaziabad","Ghaziabad","Atul Garg","Public Amenities","Community Hall",3500000,3500000,3450000,"2023-06-12","2023-07-15","2024-02-28","2024-03-10","Completed",100,"Rural Engineering Services (RES Div-1)",28.6692,77.4538,4500,"sq.m",350
"DEMO-005","Construction of Community Hall and Cultural Center at Gram Rampur Kalan","Uttar Pradesh","Ghaziabad","Ghaziabad","Atul Garg","Public Amenities","Community Hall",3400000,3400000,3100000,"2023-09-25","2023-11-01","2024-06-30","","In Progress",75,"Zila Parishad Ghaziabad",28.6715,77.4565,4200,"sq.m",340
"DEMO-006","Modernization of Integrated Drainage System, Ward 14 to 18, Danapur","Bihar","Patna","Patliputra","Misa Bharti","Water & Sanitation","Drainage Network",5200000,5200000,6100000,"2022-11-10","2023-01-15","2023-09-30","","Delayed",62,"District Rural Infrastructure Corp (DRIC)",25.6295,85.0441,11000,"km",2.8
"MPL-2023-UT-0007","Construction of CC Road and Interlocking Pavement in Madhopur, Block Lucknow","Uttar Pradesh","Lucknow","Lucknow Parliamentary Constituency","Rajveer Singh","Infrastructure","Road Construction",1800000,1800000,684000,"2023-01-01","2023-01-21","2023-05-21","","In Progress",40,"Public Works Department (PWD)",25.0967,79.1962,3660,"km",0.8
"MPL-2024-MA-0008","Construction of Dr. Ambedkar Community Center & Bhavan at Mohanpur, Block Nagpur","Maharashtra","Nagpur","Nagpur Parliamentary Constituency","Sanjay Deshmukh","Public Amenities","Community Hall",2200000,2200000,2057000,"2024-02-08","2024-02-29","2024-09-29","2024-09-20","Completed",100,"Zila Parishad",18.5965,74.9789,4340,"sq.m",263
"MPL-2025-BI-0009","Installation of Solar-Powered Deep Tube Well & RO Plant in Sundarpur, Block Muzaffarpur","Bihar","Muzaffarpur","Muzaffarpur Parliamentary Constituency","Sanjay Jha","Water & Sanitation","Drinking Water Borewell",600000,600000,570000,"2025-03-15","2025-04-06","2025-08-06","2025-07-29","Completed",100,"Panchayati Raj Dept",24.5361,85.5931,2620,"points",4
"MPL-2023-TA-0010","Supply and Erection of 60W LED Solar Street Lights in Gram Panchayat Narayanpur, Block Salem","Tamil Nadu","Salem","Salem Parliamentary Constituency","K. Kanimozhi","Energy & Lighting","Solar Street Lights",1200000,1200000,1158000,"2023-04-22","2023-05-15","2023-11-15","2023-11-08","Completed",100,"State Renewable Energy Dev Agency",11.1621,79.9519,3540,"units",79
"MPL-2024-RA-0011","Construction of 4 Additional Smart Classrooms at Govt Secondary School, Sitapur, Block Ajmer","Rajasthan","Ajmer","Ajmer Parliamentary Constituency","Gajendra S. Shekhawat","Education","School Classroom Block",2400000,2400000,2352000,"2024-05-04","2024-05-28","2025-03-28","2025-03-22","Completed",100,"PWD (Building Division)",27.6538,73.0279,5180,"classrooms",4
"MPL-2025-KA-0012","Renovation and Medical Equipment Upgrade for PHC Sub-Centre at Bhagwanpur, Block Tumakuru","Karnataka","Tumakuru","Tumakuru Parliamentary Constituency","Tejasvi Surya","Healthcare","Primary Health Centre",1500000,1500000,1492500,"2025-06-11","2025-07-06","2026-04-06","2026-04-01","Completed",100,"PWD (Health Division)",16.5423,75.5389,4300,"facility",1
"MPL-2023-MA-0013","Establishment of Youth Digital Library and E-Learning Hub at Keshopur, Block Bhopal","Madhya Pradesh","Bhopal","Bhopal Parliamentary Constituency","Alok Sharma","Education","Public Library",1400000,1400000,1414000,"2023-07-18","2023-08-13","2024-01-13","2024-01-09","Completed",100,"District Library Authority",21.2934,79.4969,4380,"library",NaN
"MPL-2024-GU-0014","Construction of Underground Covered RCC Drain in Shahpur, Block Surat","Gujarat","Surat","Surat Parliamentary Constituency","H. S. Patel","Water & Sanitation","Drainage Network",2000000,2000000,949400,"2024-08-25","2024-09-21","2025-03-21","","In Progress",47,"Jal Sansthan",21.1737,69.5474,5300,"km",2.5
"MPL-2025-OD-0015","Construction of Model Anganwadi Child Care Centre in Village Shivpur, Block Ganjam","Odisha","Ganjam","Ganjam Parliamentary Constituency","Aparajita Sarangi","Rural Development","Anganwadi Centre",900000,900000,828000,"2025-09-07","2025-10-05","2026-04-05","2026-04-03","Completed",100,"Rural Works Organization",20.4617,84.4685,4180,"centres",1
"MPL-2023-WE-0016","Modernization of Moksha Dham / Crematorium Shed with Solar Lights at Govindpur, Block Hooghly","West Bengal","Hooghly","Hooghly Parliamentary Constituency","S. Bandyopadhyay","Public Amenities","Crematorium Shed",1100000,1100000,1028500,"2023-10-14","2023-11-12","2024-03-12","2024-03-11","Completed",100,"Zila Parishad",23.0918,88.24,4620,"shed",NaN
"MPL-2024-AS-0017","Installation of Open Gym Equipment and Play Ground Development in Madhopur, Block Kamrup Metropolitan","Assam","Kamrup Metropolitan","Kamrup Metropolitan Parliamentary Constituency","Gaurav Gogoi","Sports & Youth Affairs","Open Gym & Sports",800000,800000,760000,"2024-11-21","2024-12-21","2025-04-21","2025-04-21","Completed",100,"Municipal Board",26.9006,94.3376,2460,"facility",1
"MPL-2025-KE-0018","Construction of CC Road and Interlocking Pavement in Mohanpur, Block Ernakulam","Kerala","Ernakulam","Ernakulam Parliamentary Constituency","Shashi Tharoor","Infrastructure","Road Construction",1800000,1800000,1737000,"2025-12-03","2026-01-03","2026-06-03","2026-06-04","Completed",100,"Zila Parishad Engineering Wing",12.1455,75.1861,3860,"km",0.8
"MPL-2023-UT-0019","Construction of Dr. Ambedkar Community Center & Bhavan at Sundarpur, Block Gorakhpur","Uttar Pradesh","Gorakhpur","Gorakhpur Parliamentary Constituency","Rajveer Singh","Public Amenities","Community Hall",2200000,2200000,2156000,"2023-01-10","2023-02-11","2024-01-11","2024-01-13","Completed",100,"Rural Development Authority",25.2367,80.8762,4540,"sq.m",406
"MPL-2024-MA-0020","Installation of Solar-Powered Deep Tube Well & RO Plant in Narayanpur, Block Solapur","Maharashtra","Solapur","Solapur Parliamentary Constituency","Sanjay Deshmukh","Water & Sanitation","Drinking Water Borewell",600000,600000,597000,"2024-02-17","2024-03-21","2024-06-21","2024-06-24","Completed",100,"Jal Nigam",18.7365,76.6589,2820,"points",3
"MPL-2025-BI-0021","Supply and Erection of 60W LED Solar Street Lights in Gram Panchayat Sitapur, Block Patna","Bihar","Patna","Patna Parliamentary Constituency","Sanjay Jha","Energy & Lighting","Solar Street Lights",1200000,1200000,693360,"2025-03-24","2025-04-27","2025-09-27","","In Progress",54,"District Rural Development Agency",24.6761,83.7731,3740,"units",42
"MPL-2023-TA-0022","Construction of 4 Additional Smart Classrooms at Govt Secondary School, Bhagwanpur, Block Coimbatore","Tamil Nadu","Coimbatore","Coimbatore Parliamentary Constituency","K. Kanimozhi","Education","School Classroom Block",2400000,2400000,2460000,"2023-04-06","2023-04-26","2024-01-26","2024-01-31","Completed",100,"State Educational Infrastructure Dev Corp",11.3021,78.1319,5380,"classrooms",3
"MPL-2024-RA-0023","Renovation and Medical Equipment Upgrade for PHC Sub-Centre at Keshopur, Block Udaipur","Rajasthan","Udaipur","Udaipur Parliamentary Constituency","Gajendra S. Shekhawat","Healthcare","Primary Health Centre",1500000,1500000,1380000,"2024-05-13","2024-06-03","2025-02-03","2025-02-09","Completed",100,"State Health System Corp",27.7938,74.7079,4500,"facility",1
"MPL-2025-KA-0024","Establishment of Youth Digital Library and E-Learning Hub at Shahpur, Block Tumakuru","Karnataka","Tumakuru","Tumakuru Parliamentary Constituency","Tejasvi Surya","Education","Public Library",1400000,1400000,1309000,"2025-06-20","2025-07-12","2026-01-12","2026-01-19","Completed",100,"Education Department",16.6823,77.2189,4580,"library",NaN
"MPL-2023-MA-0025","Construction of Underground Covered RCC Drain in Shivpur, Block Bhopal","Madhya Pradesh","Bhopal","Bhopal Parliamentary Constituency","Alok Sharma","Water & Sanitation","Drainage Network",2000000,2000000,1900000,"2023-07-02","2023-07-25","2023-12-25","2024-01-02","Completed",100,"Urban Local Bodies Directorate",21.4334,77.6769,5500,"km",2.9
"MPL-2024-GU-0026","Construction of Model Anganwadi Child Care Centre in Village Govindpur, Block Surat","Gujarat","Surat","Surat Parliamentary Constituency","H. S. Patel","Rural Development","Anganwadi Centre",900000,900000,765000,"2024-08-09","2024-09-02","2025-04-02","","Delayed",65,"Panchayat Samiti",21.3137,71.2274,4380,"centres",1
"MPL-2025-OD-0027","Modernization of Moksha Dham / Crematorium Shed with Solar Lights at Madhopur, Block Ganjam","Odisha","Ganjam","Ganjam Parliamentary Constituency","Aparajita Sarangi","Public Amenities","Crematorium Shed",1100000,1100000,1298000,"2025-09-16","2025-10-11","2026-01-11","","Delayed",55,"District Rural Infrastructure Corp (DRIC)",20.6017,86.1485,2820,"shed",NaN
"MPL-2023-WE-0028","Installation of Open Gym Equipment and Play Ground Development in Mohanpur, Block Hooghly","West Bengal","Hooghly","Hooghly Parliamentary Constituency","S. Bandyopadhyay","Sports & Youth Affairs","Open Gym & Sports",800000,800000,478240,"2023-10-23","2023-11-18","2024-02-18","","In Progress",61,"Sports & Youth Welfare Directorate",23.2318,86.42,2660,"facility",1
"MPL-2024-AS-0029","Construction of CC Road and Interlocking Pavement in Sundarpur, Block Silchar","Assam","Silchar","Silchar Parliamentary Constituency","Gaurav Gogoi","Infrastructure","Road Construction",1800000,1800000,1818000,"2024-11-05","2024-12-02","2025-06-02","2025-06-14","Completed",100,"Rural Engineering Services (RES)",27.0406,92.5176,4060,"km",0.8
"MPL-2025-KE-0030","Construction of Dr. Ambedkar Community Center & Bhavan at Narayanpur, Block Thrissur","Kerala","Thrissur","Thrissur Parliamentary Constituency","Shashi Tharoor","Public Amenities","Community Hall",2200000,2200000,2684000,"2025-12-12","2026-01-09","2026-09-09","2026-10-24","Completed",100,"Municipal Corporation",12.2855,76.8661,4740,"sq.m",349
"MPL-2023-UT-0031","Installation of Solar-Powered Deep Tube Well & RO Plant in Sitapur, Block Ghaziabad","Uttar Pradesh","Ghaziabad","Ghaziabad Parliamentary Constituency","Rajveer Singh","Water & Sanitation","Drinking Water Borewell",600000,600000,552000,"2023-01-19","2023-02-17","2023-04-17","2023-05-01","Completed",100,"Public Health Engineering Dept (PHED)",25.3767,82.5562,3020,"points",2
"MPL-2024-MA-0032","Supply and Erection of 60W LED Solar Street Lights in Gram Panchayat Bhagwanpur, Block Nagpur","Maharashtra","Nagpur","Nagpur Parliamentary Constituency","Sanjay Deshmukh","Energy & Lighting","Solar Street Lights",1200000,1200000,1122000,"2024-02-01","2024-03-02","2024-07-02","2024-06-22","Completed",100,"Zila Panchayat Electrical Wing",18.8765,74.8389,3940,"units",65
"MPL-2025-BI-0033","Construction of 4 Additional Smart Classrooms at Govt Secondary School, Keshopur, Block Purnia","Bihar","Purnia","Purnia Parliamentary Constituency","Sanjay Jha","Education","School Classroom Block",2400000,2400000,2280000,"2025-03-08","2025-04-08","2025-12-08","2025-11-29","Completed",100,"Samagra Shiksha Abhiyan Cell",24.8161,85.4531,5580,"classrooms",5
"MPL-2023-TA-0034","Renovation and Medical Equipment Upgrade for PHC Sub-Centre at Shahpur, Block Vellore","Tamil Nadu","Vellore","Vellore Parliamentary Constituency","K. Kanimozhi","Healthcare","Primary Health Centre",1500000,1500000,1447500,"2023-04-15","2023-05-17","2023-12-17","2023-12-09","Completed",100,"National Health Mission (NHM) Cell",11.4421,79.8119,4700,"facility",1
"MPL-2024-RA-0035","Establishment of Youth Digital Library and E-Learning Hub at Shivpur, Block Jaipur","Rajasthan","Jaipur","Jaipur Parliamentary Constituency","Gajendra S. Shekhawat","Education","Public Library",1400000,1400000,990080,"2024-05-22","2024-06-24","2025-01-24","","In Progress",68,"Zila Parishad",27.9338,72.8879,4780,"library",NaN
"MPL-2025-KA-0036","Construction of Underground Covered RCC Drain in Govindpur, Block Tumakuru","Karnataka","Tumakuru","Tumakuru Parliamentary Constituency","Tejasvi Surya","Water & Sanitation","Drainage Network",2000000,2000000,1900000,"2025-06-04","2025-07-08","2026-05-08","","In Progress",70,"District Rural Infrastructure Corp (DRIC)",16.8223,75.3989,5700,"km",3.3
"MPL-2023-MA-0037","Construction of Model Anganwadi Child Care Centre in Village Madhopur, Block Bhopal","Madhya Pradesh","Bhopal","Bhopal Parliamentary Constituency","Alok Sharma","Rural Development","Anganwadi Centre",900000,900000,909000,"2023-07-11","2023-07-31","2023-10-31","2023-10-26","Completed",100,"Women & Child Development Dept",21.5734,79.3569,2580,"centres",1
"MPL-2024-GU-0038","Modernization of Moksha Dham / Crematorium Shed with Solar Lights at Mohanpur, Block Surat","Gujarat","Surat","Surat Parliamentary Constituency","H. S. Patel","Public Amenities","Crematorium Shed",1100000,1100000,440000,"2024-08-18","2024-09-08","2025-03-08","","Stalled",25,"Municipal Council",21.4537,72.9074,3020,"shed",NaN
"MPL-2025-OD-0039","Installation of Open Gym Equipment and Play Ground Development in Sundarpur, Block Ganjam","Odisha","Ganjam","Ganjam Parliamentary Constituency","Aparajita Sarangi","Sports & Youth Affairs","Open Gym & Sports",800000,800000,736000,"2025-09-25","2025-10-17","2025-12-17","2025-12-14","Completed",100,"Panchayat Sports Wing",20.7417,84.3285,2860,"facility",1
"MPL-2023-WE-0040","Construction of CC Road and Interlocking Pavement in Narayanpur, Block Hooghly","West Bengal","Hooghly","Hooghly Parliamentary Constituency","S. Bandyopadhyay","Infrastructure","Road Construction",1800000,1800000,1683000,"2023-10-07","2023-10-30","2024-05-30","2024-05-28","Completed",100,"Public Works Department (PWD)",23.3718,88.1,4260,"km",0.8
"MPL-2024-AS-0041","Construction of Dr. Ambedkar Community Center & Bhavan at Sitapur, Block Jorhat","Assam","Jorhat","Jorhat Parliamentary Constituency","Gaurav Gogoi","Public Amenities","Community Hall",2200000,2200000,2090000,"2024-11-14","2024-12-08","2025-12-08","2025-12-07","Completed",100,"Zila Parishad",27.1806,94.1976,4940,"sq.m",292
"MPL-2025-KE-0042","Installation of Solar-Powered Deep Tube Well & RO Plant in Bhagwanpur, Block Thiruvananthapuram","Kerala","Thiruvananthapuram","Thiruvananthapuram Parliamentary Constituency","Shashi Tharoor","Water & Sanitation","Drinking Water Borewell",600000,600000,427500,"2025-12-21","2026-01-15","2026-06-15","","In Progress",75,"Panchayati Raj Dept",12.4255,75.0461,3220,"points",5
"MPL-2023-UT-0043","Supply and Erection of 60W LED Solar Street Lights in Gram Panchayat Keshopur, Block Kanpur Nagar","Uttar Pradesh","Kanpur Nagar","Kanpur Nagar Parliamentary Constituency","Rajveer Singh","Energy & Lighting","Solar Street Lights",1200000,1200000,1176000,"2023-01-03","2023-01-29","2023-04-29","2023-04-30","Completed",100,"State Renewable Energy Dev Agency",25.5167,80.7362,4140,"units",88
"MPL-2024-MA-0044","Construction of 4 Additional Smart Classrooms at Govt Secondary School, Shahpur, Block Solapur","Maharashtra","Solapur","Solapur Parliamentary Constituency","Sanjay Deshmukh","Education","School Classroom Block",2400000,2400000,2388000,"2024-02-10","2024-03-08","2024-10-08","2024-10-10","Completed",100,"PWD (Building Division)",19.0165,76.5189,5780,"classrooms",4
"MPL-2025-BI-0045","Renovation and Medical Equipment Upgrade for PHC Sub-Centre at Shivpur, Block Bhagalpur","Bihar","Bhagalpur","Bhagalpur Parliamentary Constituency","Sanjay Jha","Healthcare","Primary Health Centre",1500000,1500000,1275000,"2025-03-17","2025-04-14","2025-10-14","","Delayed",65,"PWD (Health Division)",24.9561,83.6331,4900,"facility",1
"MPL-2023-TA-0046","Establishment of Youth Digital Library and E-Learning Hub at Govindpur, Block Tiruchirappalli","Tamil Nadu","Tiruchirappalli","Tiruchirappalli Parliamentary Constituency","K. Kanimozhi","Education","Public Library",1400000,1400000,1435000,"2023-04-24","2023-05-23","2024-01-23","2024-01-27","Completed",100,"District Library Authority",11.5821,77.9919,4980,"library",NaN
"MPL-2024-RA-0047","Construction of Underground Covered RCC Drain in Madhopur, Block Bikaner","Rajasthan","Bikaner","Bikaner Parliamentary Constituency","Gajendra S. Shekhawat","Water & Sanitation","Drainage Network",2000000,2000000,1840000,"2024-05-06","2024-06-05","2025-03-05","2025-03-10","Completed",100,"Jal Sansthan",28.0738,74.5679,3900,"km",1.4
"MPL-2025-KA-0048","Construction of Model Anganwadi Child Care Centre in Village Mohanpur, Block Tumakuru","Karnataka","Tumakuru","Tumakuru Parliamentary Constituency","Tejasvi Surya","Rural Development","Anganwadi Centre",900000,900000,841500,"2025-06-13","2025-07-14","2025-11-14","2025-11-20","Completed",100,"Rural Works Organization",16.9623,77.0789,2780,"centres",1
"MPL-2023-MA-0049","Modernization of Moksha Dham / Crematorium Shed with Solar Lights at Sundarpur, Block Bhopal","Madhya Pradesh","Bhopal","Bhopal Parliamentary Constituency","Alok Sharma","Public Amenities","Crematorium Shed",1100000,1100000,911020,"2023-07-20","2023-08-21","2024-01-21","","In Progress",82,"Zila Parishad",0,0,3220,"shed",NaN
"MPL-2024-GU-0050","Installation of Open Gym Equipment and Play Ground Development in Narayanpur, Block Surat","Gujarat","Surat","Surat Parliamentary Constituency","H. S. Patel","Sports & Youth Affairs","Open Gym & Sports",800000,800000,772000,"2024-08-02","2024-09-04","2025-02-04","2025-02-12","Completed",100,"Municipal Board",21.5937,71.0874,3060,"facility",1
"MPL-2025-OD-0051","Construction of CC Road and Interlocking Pavement in Sitapur, Block Ganjam","Odisha","Ganjam","Ganjam Parliamentary Constituency","Aparajita Sarangi","Infrastructure","Road Construction",1800000,1800000,1764000,"2025-09-09","2025-10-13","2026-06-13","2026-06-22","Completed",100,"Zila Parishad Engineering Wing",20.8817,86.0085,4460,"km",0.8
"MPL-2023-WE-0052","Construction of Dr. Ambedkar Community Center & Bhavan at Bhagwanpur, Block Hooghly","West Bengal","Hooghly","Hooghly Parliamentary Constituency","S. Bandyopadhyay","Public Amenities","Community Hall",2200000,2200000,2189000,"2023-10-16","2023-11-05","2024-08-05","2024-08-15","Completed",100,"Rural Development Authority",23.5118,86.28,5140,"sq.m",435
"MPL-2024-AS-0053","Installation of Solar-Powered Deep Tube Well & RO Plant in Keshopur, Block Dibrugarh","Assam","Dibrugarh","Dibrugarh Parliamentary Constituency","Gaurav Gogoi","Water & Sanitation","Drinking Water Borewell",600000,600000,732000,"2024-11-23","2024-12-14","2025-04-14","2025-05-29","Completed",100,"Jal Nigam",27.3206,92.3776,3420,"points",4
"MPL-2025-KE-0054","Supply and Erection of 60W LED Solar Street Lights in Gram Panchayat Shahpur, Block Kozhikode","Kerala","Kozhikode","Kozhikode Parliamentary Constituency","Shashi Tharoor","Energy & Lighting","Solar Street Lights",1200000,1200000,1230000,"2025-12-05","2025-12-27","2026-06-27","2026-07-09","Completed",100,"District Rural Development Agency",12.5655,76.7261,4340,"units",51
"MPL-2023-UT-0055","Construction of 4 Additional Smart Classrooms at Govt Secondary School, Shivpur, Block Meerut","Uttar Pradesh","Meerut","Meerut Parliamentary Constituency","Rajveer Singh","Education","School Classroom Block",2400000,2400000,2208000,"2023-01-12","2023-02-04","2023-08-04","2023-08-17","Completed",100,"State Educational Infrastructure Dev Corp",25.6567,82.4162,5980,"classrooms",3
"MPL-2024-MA-0056","Renovation and Medical Equipment Upgrade for PHC Sub-Centre at Govindpur, Block Nagpur","Maharashtra","Nagpur","Nagpur Parliamentary Constituency","Sanjay Deshmukh","Healthcare","Primary Health Centre",1500000,1500000,706200,"2024-02-19","2024-03-14","2024-08-14","","In Progress",44,"State Health System Corp",19.1565,74.6989,5100,"facility",1
"MPL-2025-BI-0057","Establishment of Youth Digital Library and E-Learning Hub at Madhopur, Block Gaya","Bihar","Gaya","Gaya Parliamentary Constituency","Sanjay Jha","Education","Public Library",1400000,1400000,1330000,"2025-03-01","2025-03-26","2025-07-26","2025-07-16","Completed",100,"Education Department",25.0961,85.3131,3180,"library",NaN
"MPL-2023-TA-0058","Construction of Underground Covered RCC Drain in Mohanpur, Block Madurai","Tamil Nadu","Madurai","Madurai Parliamentary Constituency","K. Kanimozhi","Water & Sanitation","Drainage Network",2000000,2000000,1930000,"2023-04-08","2023-05-04","2024-01-04","2023-12-26","Completed",100,"Urban Local Bodies Directorate",11.7221,79.6719,4100,"km",1.8
"MPL-2024-RA-0059","Construction of Model Anganwadi Child Care Centre in Village Sundarpur, Block Kota","Rajasthan","Kota","Kota Parliamentary Constituency","Gajendra S. Shekhawat","Rural Development","Anganwadi Centre",900000,900000,882000,"2024-05-15","2024-06-11","2024-11-11","2024-11-03","Completed",100,"Panchayat Samiti",28.2138,72.7479,2980,"centres",1
"MPL-2025-KA-0060","Modernization of Moksha Dham / Crematorium Shed with Solar Lights at Narayanpur, Block Tumakuru","Karnataka","Tumakuru","Tumakuru Parliamentary Constituency","Tejasvi Surya","Public Amenities","Crematorium Shed",1100000,1100000,1045000,"2025-06-22","2025-07-20","2025-11-20","","In Progress",70,"District Rural Infrastructure Corp (DRIC)",13.6023,75.2589,3420,"shed",NaN
"MPL-2023-MA-0061","Installation of Open Gym Equipment and Play Ground Development in Sitapur, Block Bhopal","Madhya Pradesh","Bhopal","Bhopal Parliamentary Constituency","Alok Sharma","Sports & Youth Affairs","Open Gym & Sports",800000,800000,808000,"2023-07-04","2023-08-02","2023-12-02","2023-11-26","Completed",100,"Sports & Youth Welfare Directorate",21.8534,79.2169,3260,"facility",1
"MPL-2024-GU-0062","Construction of CC Road and Interlocking Pavement in Bhagwanpur, Block Surat","Gujarat","Surat","Surat Parliamentary Constituency","H. S. Patel","Infrastructure","Road Construction",1800000,1800000,1845000,"2024-08-11","2024-09-10","2025-01-10","2025-01-05","Completed",100,"Rural Engineering Services (RES)",21.7337,72.7674,4660,"km",0.8
"MPL-2025-OD-0063","Construction of Dr. Ambedkar Community Center & Bhavan at Keshopur, Block Ganjam","Odisha","Ganjam","Ganjam Parliamentary Constituency","Aparajita Sarangi","Public Amenities","Community Hall",2200000,2200000,1099560,"2025-09-18","2025-10-19","2026-04-19","","In Progress",51,"Municipal Corporation",21.0217,84.1885,5340,"sq.m",378
"MPL-2023-WE-0064","Installation of Solar-Powered Deep Tube Well & RO Plant in Shahpur, Block Hooghly","West Bengal","Hooghly","Hooghly Parliamentary Constituency","S. Bandyopadhyay","Water & Sanitation","Drinking Water Borewell",600000,600000,510000,"2023-10-25","2023-11-26","2024-02-26","","Delayed",65,"Public Health Engineering Dept (PHED)",23.6518,87.96,3620,"points",3
"MPL-2024-AS-0065","Supply and Erection of 60W LED Solar Street Lights in Gram Panchayat Shivpur, Block Nagaon","Assam","Nagaon","Nagaon Parliamentary Constituency","Gaurav Gogoi","Energy & Lighting","Solar Street Lights",1200000,1200000,1140000,"2024-11-07","2024-12-10","2025-05-10","2025-05-08","Completed",100,"Zila Panchayat Electrical Wing",27.4606,94.0576,4540,"units",74
"MPL-2025-KE-0066","Construction of 4 Additional Smart Classrooms at Govt Secondary School, Govindpur, Block Kollam","Kerala","Kollam","Kollam Parliamentary Constituency","Shashi Tharoor","Education","School Classroom Block",2400000,2400000,2316000,"2025-12-14","2026-01-17","2026-12-17","2026-12-16","Completed",100,"Samagra Shiksha Abhiyan Cell",9.2055,74.9061,6180,"classrooms",5
"MPL-2023-UT-0067","Renovation and Medical Equipment Upgrade for PHC Sub-Centre at Madhopur, Block Lucknow","Uttar Pradesh","Lucknow","Lucknow Parliamentary Constituency","Rajveer Singh","Healthcare","Primary Health Centre",1500000,1500000,1470000,"2023-01-21","2023-02-10","2023-06-10","2023-06-10","Completed",100,"National Health Mission (NHM) Cell",25.7967,80.5962,3300,"facility",1
"MPL-2024-MA-0068","Establishment of Youth Digital Library and E-Learning Hub at Mohanpur, Block Solapur","Maharashtra","Solapur","Solapur Parliamentary Constituency","Sanjay Deshmukh","Education","Public Library",1400000,1400000,1393000,"2024-02-03","2024-02-24","2024-07-24","2024-07-25","Completed",100,"Zila Parishad",19.2965,76.3789,3380,"library",NaN
"MPL-2025-BI-0069","Construction of Underground Covered RCC Drain in Sundarpur, Block Nalanda","Bihar","Nalanda","Nalanda Parliamentary Constituency","Sanjay Jha","Water & Sanitation","Drainage Network",2000000,2000000,2360000,"2025-03-10","2025-04-01","2025-11-01","","Delayed",55,"District Rural Infrastructure Corp (DRIC)",25.2361,86.9931,4300,"km",2.2
"MPL-2023-TA-0070","Construction of Model Anganwadi Child Care Centre in Village Narayanpur, Block Chennai","Tamil Nadu","Chennai","Chennai Parliamentary Constituency","K. Kanimozhi","Rural Development","Anganwadi Centre",900000,900000,542880,"2023-04-17","2023-05-10","2023-11-10","","In Progress",58,"Women & Child Development Dept",11.8621,77.8519,3180,"centres",1
"MPL-2024-RA-0071","Modernization of Moksha Dham / Crematorium Shed with Solar Lights at Sitapur, Block Jodhpur","Rajasthan","Jodhpur","Jodhpur Parliamentary Constituency","Gajendra S. Shekhawat","Public Amenities","Crematorium Shed",1100000,1100000,1012000,"2024-05-24","2024-06-17","2024-09-17","2024-09-21","Completed",100,"Municipal Council",28.3538,74.4279,3620,"shed",NaN
"MPL-2025-KA-0072","Installation of Open Gym Equipment and Play Ground Development in Bhagwanpur, Block Tumakuru","Karnataka","Tumakuru","Tumakuru Parliamentary Constituency","Tejasvi Surya","Sports & Youth Affairs","Open Gym & Sports",800000,800000,748000,"2025-06-06","2025-07-01","2025-10-01","2025-10-06","Completed",100,"Panchayat Sports Wing",13.7423,76.9389,3460,"facility",1
"MPL-2023-MA-0073","Construction of CC Road and Interlocking Pavement in Keshopur, Block Bhopal","Madhya Pradesh","Bhopal","Bhopal Parliamentary Constituency","Alok Sharma","Infrastructure","Road Construction",1800000,1800000,1710000,"2023-07-13","2023-08-08","2024-01-08","2024-01-14","Completed",100,"Public Works Department (PWD)",21.9934,77.3969,4860,"km",0.8
"MPL-2024-GU-0074","Construction of Dr. Ambedkar Community Center & Bhavan at Shahpur, Block Surat","Gujarat","Surat","Surat Parliamentary Constituency","H. S. Patel","Public Amenities","Community Hall",2200000,2200000,2123000,"2024-08-20","2024-09-16","2025-07-16","2025-07-23","Completed",100,"Zila Parishad",21.8737,70.9474,5540,"sq.m",321
"MPL-2025-OD-0075","Installation of Solar-Powered Deep Tube Well & RO Plant in Shivpur, Block Ganjam","Odisha","Ganjam","Ganjam Parliamentary Constituency","Aparajita Sarangi","Water & Sanitation","Drinking Water Borewell",600000,600000,588000,"2025-09-02","2025-09-30","2025-11-30","2025-12-08","Completed",100,"Panchayati Raj Dept",21.1617,85.8685,3820,"points",2
"MPL-2023-WE-0076","Supply and Erection of 60W LED Solar Street Lights in Gram Panchayat Govindpur, Block Hooghly","West Bengal","Hooghly","Hooghly Parliamentary Constituency","S. Bandyopadhyay","Energy & Lighting","Solar Street Lights",1200000,1200000,1464000,"2023-10-09","2023-11-07","2024-03-07","2024-04-21","Completed",100,"State Renewable Energy Dev Agency",23.7918,86.14,4740,"units",97
"MPL-2024-AS-0077","Construction of 4 Additional Smart Classrooms at Govt Secondary School, Madhopur, Block Kamrup Metropolitan","Assam","Kamrup Metropolitan","Kamrup Metropolitan Parliamentary Constituency","Gaurav Gogoi","Education","School Classroom Block",2400000,2400000,1482000,"2024-11-16","2024-12-16","2025-10-16","","In Progress",65,"PWD (Building Division)",27.6006,92.2376,4380,"classrooms",4
"MPL-2025-KE-0078","Renovation and Medical Equipment Upgrade for PHC Sub-Centre at Mohanpur, Block Ernakulam","Kerala","Ernakulam","Ernakulam Parliamentary Constituency","Shashi Tharoor","Healthcare","Primary Health Centre",1500000,1500000,1537500,"2025-12-23","2026-01-23","2026-10-23","2026-11-03","Completed",100,"PWD (Health Division)",9.3455,76.5861,3500,"facility",1
"MPL-2023-UT-0079","Establishment of Youth Digital Library and E-Learning Hub at Sundarpur, Block Gorakhpur","Uttar Pradesh","Gorakhpur","Gorakhpur Parliamentary Constituency","Rajveer Singh","Education","Public Library",1400000,1400000,1288000,"2023-01-05","2023-02-06","2023-08-06","2023-08-18","Completed",100,"District Library Authority",25.9367,82.2762,3580,"library",NaN
"MPL-2024-MA-0080","Construction of Underground Covered RCC Drain in Narayanpur, Block Nagpur","Maharashtra","Nagpur","Nagpur Parliamentary Constituency","Sanjay Deshmukh","Water & Sanitation","Drainage Network",2000000,2000000,1870000,"2024-02-12","2024-03-16","2024-09-16","2024-09-29","Completed",100,"Jal Sansthan",19.4365,74.5589,4500,"km",2.6
"MPL-2025-BI-0081","Construction of Model Anganwadi Child Care Centre in Village Sitapur, Block Darbhanga","Bihar","Darbhanga","Darbhanga Parliamentary Constituency","Sanjay Jha","Rural Development","Anganwadi Centre",900000,900000,855000,"2025-03-19","2025-04-22","2025-11-22","2025-12-06","Completed",100,"Rural Works Organization",25.3761,85.1731,3380,"centres",1
"MPL-2023-TA-0082","Modernization of Moksha Dham / Crematorium Shed with Solar Lights at Bhagwanpur, Block Tirunelveli","Tamil Nadu","Tirunelveli","Tirunelveli Parliamentary Constituency","K. Kanimozhi","Public Amenities","Crematorium Shed",1100000,1100000,1061500,"2023-04-01","2023-04-21","2023-10-21","2023-10-11","Completed",100,"Zila Parishad",12.0021,79.5319,3820,"shed",NaN
"MPL-2024-RA-0083","Installation of Open Gym Equipment and Play Ground Development in Keshopur, Block Alwar","Rajasthan","Alwar","Alwar Parliamentary Constituency","Gajendra S. Shekhawat","Sports & Youth Affairs","Open Gym & Sports",800000,800000,680000,"2024-05-08","2024-05-29","2024-07-29","","Delayed",65,"Municipal Board",28.4938,72.6079,3660,"facility",1
"MPL-2025-KA-0084","Construction of CC Road and Interlocking Pavement in Shahpur, Block Tumakuru","Karnataka","Tumakuru","Tumakuru Parliamentary Constituency","Tejasvi Surya","Infrastructure","Road Construction",1800000,1800000,1308960,"2025-06-15","2025-07-07","2026-01-07","","In Progress",72,"Zila Parishad Engineering Wing",13.8823,75.1189,5060,"km",0.8
"MPL-2023-MA-0085","Construction of Dr. Ambedkar Community Center & Bhavan at Shivpur, Block Bhopal","Madhya Pradesh","Bhopal","Bhopal Parliamentary Constituency","Alok Sharma","Public Amenities","Community Hall",2200000,2200000,2222000,"2023-07-22","2023-08-14","2024-03-14","2024-03-07","Completed",100,"Rural Development Authority",22.1334,79.0769,5740,"sq.m",264
"MPL-2024-GU-0086","Installation of Solar-Powered Deep Tube Well & RO Plant in Govindpur, Block Surat","Gujarat","Surat","Surat Parliamentary Constituency","H. S. Patel","Water & Sanitation","Drinking Water Borewell",600000,600000,615000,"2024-08-04","2024-08-28","2025-01-28","2025-01-22","Completed",100,"Jal Nigam",22.0137,72.6274,4020,"points",5
"MPL-2025-OD-0087","Supply and Erection of 60W LED Solar Street Lights in Gram Panchayat Madhopur, Block Ganjam","Odisha","Ganjam","Ganjam Parliamentary Constituency","Aparajita Sarangi","Energy & Lighting","Solar Street Lights",1200000,1200000,1104000,"2025-09-11","2025-10-06","2026-01-06","2026-01-01","Completed",100,"District Rural Development Agency",21.3017,84.0485,2940,"units",60
"MPL-2023-WE-0088","Construction of 4 Additional Smart Classrooms at Govt Secondary School, Mohanpur, Block Hooghly","West Bengal","Hooghly","Hooghly Parliamentary Constituency","S. Bandyopadhyay","Education","School Classroom Block",2400000,2400000,2244000,"2023-10-18","2023-11-13","2024-08-13","2024-08-09","Completed",100,"State Educational Infrastructure Dev Corp",23.9318,87.82,4580,"classrooms",3
"MPL-2024-AS-0089","Renovation and Medical Equipment Upgrade for PHC Sub-Centre at Sundarpur, Block Silchar","Assam","Silchar","Silchar Parliamentary Constituency","Gaurav Gogoi","Healthcare","Primary Health Centre",1500000,1500000,1425000,"2024-11-25","2024-12-22","2025-08-22","2025-08-19","Completed",100,"State Health System Corp",27.7406,93.9176,3700,"facility",1
"MPL-2025-KE-0090","Establishment of Youth Digital Library and E-Learning Hub at Narayanpur, Block Thrissur","Kerala","Thrissur","Thrissur Parliamentary Constituency","Shashi Tharoor","Education","Public Library",1400000,1400000,1351000,"2025-12-07","2026-01-04","2026-08-04","2026-08-02","Completed",100,"Education Department",9.4855,74.7661,3780,"library",NaN
"MPL-2023-UT-0091","Construction of Underground Covered RCC Drain in Sitapur, Block Ghaziabad","Uttar Pradesh","Ghaziabad","Ghaziabad Parliamentary Constituency","Rajveer Singh","Water & Sanitation","Drainage Network",2000000,2000000,1690600,"2023-01-14","2023-02-12","2023-07-12","","In Progress",79,"Urban Local Bodies Directorate",26.0767,80.4562,4700,"km",3
"MPL-2024-MA-0092","Construction of Model Anganwadi Child Care Centre in Village Bhagwanpur, Block Solapur","Maharashtra","Solapur","Solapur Parliamentary Constituency","Sanjay Deshmukh","Rural Development","Anganwadi Centre",900000,900000,895500,"2024-02-21","2024-03-22","2024-06-22","2024-06-22","Completed",100,"Panchayat Samiti",19.5765,76.2389,3580,"centres",1
"MPL-2025-BI-0093","Modernization of Moksha Dham / Crematorium Shed with Solar Lights at Keshopur, Block Muzaffarpur","Bihar","Muzaffarpur","Muzaffarpur Parliamentary Constituency","Sanjay Jha","Public Amenities","Crematorium Shed",1100000,1100000,1298000,"2025-03-03","2025-04-03","2025-09-03","","Delayed",55,"District Rural Infrastructure Corp (DRIC)",25.5161,86.8531,4020,"shed",NaN
"MPL-2023-TA-0094","Installation of Open Gym Equipment and Play Ground Development in Shahpur, Block Salem","Tamil Nadu","Salem","Salem Parliamentary Constituency","K. Kanimozhi","Sports & Youth Affairs","Open Gym & Sports",800000,800000,820000,"2023-04-10","2023-05-12","2023-10-12","","Completed",100,"Sports & Youth Welfare Directorate",12.1421,77.7119,3860,"facility",1
"MPL-2024-RA-0095","Construction of CC Road and Interlocking Pavement in Shivpur, Block Ajmer","Rajasthan","Ajmer","Ajmer Parliamentary Constituency","Gajendra S. Shekhawat","Infrastructure","Road Construction",1800000,1800000,1656000,"2024-05-17","2024-06-19","2025-01-19","2025-01-22","Completed",100,"Rural Engineering Services (RES)",28.6338,74.2879,5260,"km",0.8
"MPL-2025-KA-0096","Construction of Dr. Ambedkar Community Center & Bhavan at Govindpur, Block Tumakuru","Karnataka","Tumakuru","Tumakuru Parliamentary Constituency","Tejasvi Surya","Public Amenities","Community Hall",2200000,2200000,2057000,"2025-06-24","2025-07-28","2026-06-28","2026-07-02","Completed",100,"Municipal Corporation",14.0223,76.7989,5940,"sq.m",407
"MPL-2023-MA-0097","Installation of Solar-Powered Deep Tube Well & RO Plant in Madhopur, Block Bhopal","Madhya Pradesh","Bhopal","Bhopal Parliamentary Constituency","Alok Sharma","Water & Sanitation","Drinking Water Borewell",600000,600000,570000,"2023-07-06","2023-07-26","2023-11-26","2023-12-01","Completed",100,"Public Health Engineering Dept (PHED)",22.2734,77.2569,2220,"points",4
"MPL-2024-GU-0098","Supply and Erection of 60W LED Solar Street Lights in Gram Panchayat Mohanpur, Block Surat","Gujarat","Surat","Surat Parliamentary Constituency","H. S. Patel","Energy & Lighting","Solar Street Lights",1200000,1200000,482160,"2024-08-13","2024-09-03","2025-03-03","","In Progress",41,"Zila Panchayat Electrical Wing",22.1537,70.8074,3140,"units",83
"MPL-2025-OD-0099","Construction of 4 Additional Smart Classrooms at Govt Secondary School, Sundarpur, Block Ganjam","Odisha","Ganjam","Ganjam Parliamentary Constituency","Aparajita Sarangi","Education","School Classroom Block",2400000,2400000,2928000,"2025-09-20","2025-10-12","2026-06-12","2026-07-27","Completed",100,"Samagra Shiksha Abhiyan Cell",21.4417,85.7285,4780,"classrooms",5
"MPL-2023-WE-0100","Renovation and Medical Equipment Upgrade for PHC Sub-Centre at Narayanpur, Block Hooghly","West Bengal","Hooghly","Hooghly Parliamentary Constituency","S. Bandyopadhyay","Healthcare","Primary Health Centre",1500000,1500000,600000,"2023-10-02","2023-10-25","2024-05-25","","Stalled",25,"National Health Mission (NHM) Cell",24.0718,89.5,3900,"facility",1
"MPL-2024-AS-0101","Establishment of Youth Digital Library and E-Learning Hub at Sitapur, Block Jorhat","Assam","Jorhat","Jorhat Parliamentary Constituency","Gaurav Gogoi","Education","Public Library",1400000,1400000,1414000,"2024-11-09","2024-12-03","2025-08-03","2025-08-12","Completed",100,"Zila Parishad",27.8806,92.0976,3980,"library",NaN
"MPL-2025-KE-0102","Construction of Underground Covered RCC Drain in Bhagwanpur, Block Thiruvananthapuram","Kerala","Thiruvananthapuram","Thiruvananthapuram Parliamentary Constituency","Shashi Tharoor","Water & Sanitation","Drainage Network",2000000,2000000,1900000,"2025-12-16","2026-01-10","2026-11-10","","In Progress",70,"District Rural Infrastructure Corp (DRIC)",9.6255,76.4461,4900,"km",3.4
"MPL-2023-UT-0103","Construction of Model Anganwadi Child Care Centre in Village Keshopur, Block Kanpur Nagar","Uttar Pradesh","Kanpur Nagar","Kanpur Nagar Parliamentary Constituency","Rajveer Singh","Rural Development","Anganwadi Centre",900000,900000,828000,"2023-01-23","2023-02-18","2023-06-18","2023-06-29","Completed",100,"Women & Child Development Dept",26.2167,82.1362,3780,"centres",1
"MPL-2024-MA-0104","Modernization of Moksha Dham / Crematorium Shed with Solar Lights at Shahpur, Block Nagpur","Maharashtra","Nagpur","Nagpur Parliamentary Constituency","Sanjay Deshmukh","Public Amenities","Crematorium Shed",1100000,1100000,1028500,"2024-02-05","2024-03-03","2024-07-03","2024-07-15","Completed",100,"Municipal Council",19.7165,74.4189,4220,"shed",NaN
"MPL-2025-BI-0105","Installation of Open Gym Equipment and Play Ground Development in Shivpur, Block Patna","Bihar","Patna","Patna Parliamentary Constituency","Sanjay Jha","Sports & Youth Affairs","Open Gym & Sports",800000,800000,399360,"2025-03-12","2025-04-09","2025-08-09","","In Progress",48,"Panchayat Sports Wing",25.6561,85.0331,4060,"facility",1
"MPL-2023-TA-0106","Construction of CC Road and Interlocking Pavement in Govindpur, Block Coimbatore","Tamil Nadu","Coimbatore","Coimbatore Parliamentary Constituency","K. Kanimozhi","Infrastructure","Road Construction",1800000,1800000,1737000,"2023-04-19","2023-05-18","2024-01-18","2024-02-01","Completed",100,"Public Works Department (PWD)",12.2821,79.3919,5460,"km",0.8
"MPL-2024-RA-0107","Construction of Dr. Ambedkar Community Center & Bhavan at Madhopur, Block Udaipur","Rajasthan","Udaipur","Udaipur Parliamentary Constituency","Gajendra S. Shekhawat","Public Amenities","Community Hall",2200000,2200000,2156000,"2024-05-01","2024-05-31","2025-01-31","2025-01-21","Completed",100,"Zila Parishad",25.2738,72.4679,4140,"sq.m",350
"MPL-2025-KA-0108","Installation of Solar-Powered Deep Tube Well & RO Plant in Mohanpur, Block Tumakuru","Karnataka","Tumakuru","Tumakuru Parliamentary Constituency","Tejasvi Surya","Water & Sanitation","Drinking Water Borewell",600000,600000,597000,"2025-06-08","2025-07-09","2025-10-09","2025-09-30","Completed",100,"Panchayati Raj Dept",14.1623,74.9789,2420,"points",3
"MPL-2023-MA-0109","Supply and Erection of 60W LED Solar Street Lights in Gram Panchayat Sundarpur, Block Bhopal","Madhya Pradesh","Bhopal","Bhopal Parliamentary Constituency","Alok Sharma","Energy & Lighting","Solar Street Lights",1200000,1200000,1212000,"2023-07-15","2023-08-16","2024-01-16","2024-01-08","Completed",100,"State Renewable Energy Dev Agency",22.4134,78.9369,3340,"units",46
"MPL-2024-GU-0110","Construction of 4 Additional Smart Classrooms at Govt Secondary School, Narayanpur, Block Surat","Gujarat","Surat","Surat Parliamentary Constituency","H. S. Patel","Education","School Classroom Block",2400000,2400000,2460000,"2024-08-22","2024-09-24","2025-04-24","2025-04-17","Completed",100,"PWD (Building Division)",22.2937,72.4874,4980,"classrooms",4
"MPL-2025-OD-0111","Renovation and Medical Equipment Upgrade for PHC Sub-Centre at Sitapur, Block Ganjam","Odisha","Ganjam","Ganjam Parliamentary Constituency","Aparajita Sarangi","Healthcare","Primary Health Centre",1500000,1500000,1380000,"2025-09-04","2025-10-08","2026-04-08","2026-04-02","Completed",100,"PWD (Health Division)",21.5817,83.9085,4100,"facility",1
"MPL-2023-WE-0112","Establishment of Youth Digital Library and E-Learning Hub at Bhagwanpur, Block Hooghly","West Bengal","Hooghly","Hooghly Parliamentary Constituency","S. Bandyopadhyay","Education","Public Library",1400000,1400000,731500,"2023-10-11","2023-10-31","2024-03-02","","In Progress",55,"District Library Authority",24.2118,87.68,4180,"library",NaN
"MPL-2024-AS-0113","Construction of Underground Covered RCC Drain in Keshopur, Block Dibrugarh","Assam","Dibrugarh","Dibrugarh Parliamentary Constituency","Gaurav Gogoi","Water & Sanitation","Drainage Network",2000000,2000000,1900000,"2024-11-18","2024-12-09","2025-09-09","2025-09-05","Completed",100,"Jal Sansthan",24.5206,93.7776,5100,"km",1.5
"MPL-2025-KE-0114","Construction of Model Anganwadi Child Care Centre in Village Shahpur, Block Kozhikode","Kerala","Kozhikode","Kozhikode Parliamentary Constituency","Shashi Tharoor","Rural Development","Anganwadi Centre",900000,900000,868500,"2025-12-25","2026-01-16","2026-06-16","2026-06-13","Completed",100,"Rural Works Organization",9.7655,74.6261,3980,"centres",1
"MPL-2023-UT-0115","Modernization of Moksha Dham / Crematorium Shed with Solar Lights at Shivpur, Block Meerut","Uttar Pradesh","Meerut","Meerut Parliamentary Constituency","Rajveer Singh","Public Amenities","Crematorium Shed",1100000,1100000,1078000,"2023-01-07","2023-01-30","2023-04-30","2023-04-28","Completed",100,"Zila Parishad",26.3567,80.3162,4420,"shed",NaN
"MPL-2024-MA-0116","Installation of Open Gym Equipment and Play Ground Development in Govindpur, Block Solapur","Maharashtra","Solapur","Solapur Parliamentary Constituency","Sanjay Deshmukh","Sports & Youth Affairs","Open Gym & Sports",800000,800000,796000,"2024-02-14","2024-03-09","2024-06-09","2024-06-08","Completed",100,"Municipal Board",19.8565,76.0989,4260,"facility",1
"MPL-2025-BI-0117","Construction of CC Road and Interlocking Pavement in Madhopur, Block Purnia","Bihar","Purnia","Purnia Parliamentary Constituency","Sanjay Jha","Infrastructure","Road Construction",1800000,1800000,1818000,"2025-03-21","2025-04-15","2025-08-15","2025-08-15","Completed",100,"Zila Parishad Engineering Wing",25.7961,86.7131,3660,"km",0.8
"MPL-2023-TA-0118","Construction of Dr. Ambedkar Community Center & Bhavan at Mohanpur, Block Vellore","Tamil Nadu","Vellore","Vellore Parliamentary Constituency","K. Kanimozhi","Public Amenities","Community Hall",2200000,2200000,2255000,"2023-04-03","2023-04-29","2024-04-29","2024-04-30","Completed",100,"Rural Development Authority",12.4221,77.5719,4340,"sq.m",293
"MPL-2024-RA-0119","Installation of Solar-Powered Deep Tube Well & RO Plant in Sundarpur, Block Jaipur","Rajasthan","Jaipur","Jaipur Parliamentary Constituency","Gajendra S. Shekhawat","Water & Sanitation","Drinking Water Borewell",600000,600000,375720,"2024-05-10","2024-06-06","2024-08-06","","In Progress",62,"Jal Nigam",25.4138,74.1479,2620,"points",2
"MPL-2025-KA-0120","Supply and Erection of 60W LED Solar Street Lights in Gram Panchayat Narayanpur, Block Tumakuru","Karnataka","Tumakuru","Tumakuru Parliamentary Constituency","Tejasvi Surya","Energy & Lighting","Solar Street Lights",1200000,1200000,1122000,"2025-06-17","2025-07-15","2025-11-15","2025-11-18","Completed",100,"District Rural Development Agency",14.3023,76.6589,3540,"units",69
"MPL-2023-MA-0121","Construction of 4 Additional Smart Classrooms at Govt Secondary School, Sitapur, Block Bhopal","Madhya Pradesh","Bhopal","Bhopal Parliamentary Constituency","Alok Sharma","Education","School Classroom Block",2400000,2400000,2040000,"2023-07-24","2023-08-22","2024-02-22","","Delayed",65,"State Educational Infrastructure Dev Corp",22.5534,77.1169,5180,"classrooms",3
"MPL-2024-GU-0122","Renovation and Medical Equipment Upgrade for PHC Sub-Centre at Bhagwanpur, Block Surat","Gujarat","Surat","Surat Parliamentary Constituency","H. S. Patel","Healthcare","Primary Health Centre",1500000,1500000,1830000,"2024-08-06","2024-09-05","2025-02-05","2025-03-22","Completed",100,"State Health System Corp",22.4337,70.6674,4300,"facility",1
"MPL-2025-OD-0123","Establishment of Youth Digital Library and E-Learning Hub at Keshopur, Block Ganjam","Odisha","Ganjam","Ganjam Parliamentary Constituency","Aparajita Sarangi","Education","Public Library",1400000,1400000,1372000,"2025-09-13","2025-10-14","2026-03-14","2026-03-20","Completed",100,"Education Department",21.7217,85.5885,4380,"library",NaN
"MPL-2023-WE-0124","Construction of Underground Covered RCC Drain in Shahpur, Block Hooghly","West Bengal","Hooghly","Hooghly Parliamentary Constituency","S. Bandyopadhyay","Water & Sanitation","Drainage Network",2000000,2000000,1990000,"2023-10-20","2023-11-21","2024-07-21","2024-07-28","Completed",100,"Urban Local Bodies Directorate",24.3518,89.36,5300,"km",1.9
"MPL-2024-AS-0125","Construction of Model Anganwadi Child Care Centre in Village Shivpur, Block Nagaon","Assam","Nagaon","Nagaon Parliamentary Constituency","Gaurav Gogoi","Rural Development","Anganwadi Centre",900000,900000,909000,"2024-11-02","2024-12-05","2025-06-05","2025-06-13","Completed",100,"Panchayat Samiti",0,0,4180,"centres",1
"MPL-2025-KE-0126","Modernization of Moksha Dham / Crematorium Shed with Solar Lights at Govindpur, Block Kollam","Kerala","Kollam","Kollam Parliamentary Constituency","Shashi Tharoor","Public Amenities","Crematorium Shed",1100000,1100000,1045000,"2025-12-09","2026-01-12","2026-07-12","","In Progress",70,"District Rural Infrastructure Corp (DRIC)",9.9055,76.3061,4620,"shed",NaN
"MPL-2023-UT-0127","Installation of Open Gym Equipment and Play Ground Development in Madhopur, Block Lucknow","Uttar Pradesh","Lucknow","Lucknow Parliamentary Constituency","Rajveer Singh","Sports & Youth Affairs","Open Gym & Sports",800000,800000,736000,"2023-01-16","2023-02-05","2023-04-05","2023-04-15","Completed",100,"Sports & Youth Welfare Directorate",26.4967,81.9962,2460,"facility",1
"MPL-2024-MA-0128","Construction of CC Road and Interlocking Pavement in Mohanpur, Block Nagpur","Maharashtra","Nagpur","Nagpur Parliamentary Constituency","Sanjay Deshmukh","Infrastructure","Road Construction",1800000,1800000,1683000,"2024-02-23","2024-03-15","2024-08-15","2024-08-26","Completed",100,"Rural Engineering Services (RES)",19.9965,74.2789,3860,"km",0.8
"MPL-2025-BI-0129","Construction of Dr. Ambedkar Community Center & Bhavan at Sundarpur, Block Bhagalpur","Bihar","Bhagalpur","Bhagalpur Parliamentary Constituency","Sanjay Jha","Public Amenities","Community Hall",2200000,2200000,2090000,"2025-03-05","2025-03-27","2025-12-27","2026-01-08","Completed",100,"Municipal Corporation",25.9361,84.8931,4540,"sq.m",436
"MPL-2023-TA-0130","Installation of Solar-Powered Deep Tube Well & RO Plant in Narayanpur, Block Tiruchirappalli","Tamil Nadu","Tiruchirappalli","Tiruchirappalli Parliamentary Constituency","K. Kanimozhi","Water & Sanitation","Drinking Water Borewell",600000,600000,579000,"2023-04-12","2023-05-05","2023-10-05","2023-10-18","Completed",100,"Public Health Engineering Dept (PHED)",12.5621,79.2519,2820,"points",5
"MPL-2024-RA-0131","Supply and Erection of 60W LED Solar Street Lights in Gram Panchayat Sitapur, Block Bikaner","Rajasthan","Bikaner","Bikaner Parliamentary Constituency","Gajendra S. Shekhawat","Energy & Lighting","Solar Street Lights",1200000,1200000,480000,"2024-05-19","2024-06-12","2024-09-12","","Stalled",25,"Zila Panchayat Electrical Wing",25.5538,75.8279,3740,"units",92
"MPL-2025-KA-0132","Construction of 4 Additional Smart Classrooms at Govt Secondary School, Bhagwanpur, Block Tumakuru","Karnataka","Tumakuru","Tumakuru Parliamentary Constituency","Tejasvi Surya","Education","School Classroom Block",2400000,2400000,2388000,"2025-06-01","2025-06-26","2026-05-26","2026-05-16","Completed",100,"Samagra Shiksha Abhiyan Cell",14.4423,74.8389,5380,"classrooms",5
"MPL-2023-MA-0133","Renovation and Medical Equipment Upgrade for PHC Sub-Centre at Keshopur, Block Bhopal","Madhya Pradesh","Bhopal","Bhopal Parliamentary Constituency","Alok Sharma","Healthcare","Primary Health Centre",1500000,1500000,1117200,"2023-07-08","2023-08-03","2023-12-03","","In Progress",76,"National Health Mission (NHM) Cell",22.6934,78.7969,4500,"facility",1
"MPL-2024-GU-0134","Establishment of Youth Digital Library and E-Learning Hub at Shahpur, Block Surat","Gujarat","Surat","Surat Parliamentary Constituency","H. S. Patel","Education","Public Library",1400000,1400000,1435000,"2024-08-15","2024-09-11","2025-03-11","2025-03-03","Completed",100,"Zila Parishad",22.5737,72.3474,4580,"library",NaN
"MPL-2025-OD-0135","Construction of Underground Covered RCC Drain in Shivpur, Block Ganjam","Odisha","Ganjam","Ganjam Parliamentary Constituency","Aparajita Sarangi","Water & Sanitation","Drainage Network",2000000,2000000,2360000,"2025-09-22","2025-10-20","2026-05-20","","Delayed",55,"District Rural Infrastructure Corp (DRIC)",21.8617,83.7685,5500,"km",2.3
"MPL-2023-WE-0136","Construction of Model Anganwadi Child Care Centre in Village Govindpur, Block Hooghly","West Bengal","Hooghly","Hooghly Parliamentary Constituency","S. Bandyopadhyay","Rural Development","Anganwadi Centre",900000,900000,841500,"2023-10-04","2023-11-02","2024-06-02","2024-05-27","Completed",100,"Women & Child Development Dept",24.4918,87.54,4380,"centres",1
"MPL-2024-AS-0137","Modernization of Moksha Dham / Crematorium Shed with Solar Lights at Madhopur, Block Kamrup Metropolitan","Assam","Kamrup Metropolitan","Kamrup Metropolitan Parliamentary Constituency","Gaurav Gogoi","Public Amenities","Crematorium Shed",1100000,1100000,1045000,"2024-11-11","2024-12-11","2025-05-11","2025-05-06","Completed",100,"Municipal Council",24.8006,93.6376,2820,"shed",NaN
"MPL-2025-KE-0138","Installation of Open Gym Equipment and Play Ground Development in Mohanpur, Block Ernakulam","Kerala","Ernakulam","Ernakulam Parliamentary Constituency","Shashi Tharoor","Sports & Youth Affairs","Open Gym & Sports",800000,800000,772000,"2025-12-18","2026-01-18","2026-06-18","2026-06-14","Completed",100,"Panchayat Sports Wing",10.0455,77.9861,2660,"facility",1
"MPL-2023-UT-0139","Construction of CC Road and Interlocking Pavement in Sundarpur, Block Gorakhpur","Uttar Pradesh","Gorakhpur","Gorakhpur Parliamentary Constituency","Rajveer Singh","Infrastructure","Road Construction",1800000,1800000,1764000,"2023-01-25","2023-02-26","2023-08-26","2023-08-23","Completed",100,"Public Works Department (PWD)",26.6367,80.1762,4060,"km",0.8
"MPL-2024-MA-0140","Construction of Dr. Ambedkar Community Center & Bhavan at Narayanpur, Block Solapur","Maharashtra","Solapur","Solapur Parliamentary Constituency","Sanjay Deshmukh","Public Amenities","Community Hall",2200000,2200000,1899040,"2024-02-07","2024-03-11","2024-09-11","","In Progress",83,"Zila Parishad",20.1365,75.9589,4740,"sq.m",379
"MPL-2025-BI-0141","Installation of Solar-Powered Deep Tube Well & RO Plant in Sitapur, Block Gaya","Bihar","Gaya","Gaya Parliamentary Constituency","Sanjay Jha","Water & Sanitation","Drinking Water Borewell",600000,600000,606000,"2025-03-14","2025-04-17","2025-08-17","2025-08-16","Completed",100,"Panchayati Raj Dept",26.0761,86.5731,3020,"points",4
"MPL-2023-TA-0142","Supply and Erection of 60W LED Solar Street Lights in Gram Panchayat Bhagwanpur, Block Madurai","Tamil Nadu","Madurai","Madurai Parliamentary Constituency","K. Kanimozhi","Energy & Lighting","Solar Street Lights",1200000,1200000,1230000,"2023-04-21","2023-05-11","2023-11-11","2023-11-11","Completed",100,"State Renewable Energy Dev Agency",12.7021,77.4319,3940,"units",55
"MPL-2024-RA-0143","Construction of 4 Additional Smart Classrooms at Govt Secondary School, Keshopur, Block Kota","Rajasthan","Kota","Kota Parliamentary Constituency","Gajendra S. Shekhawat","Education","School Classroom Block",2410000,2410000,2217200,"2024-05-03","2024-05-24","2025-03-24","2025-03-25","Completed",100,"PWD (Building Division)",25.6938,74.0079,5592,"classrooms",4
"MPL-2025-KA-0144","Renovation and Medical Equipment Upgrade for PHC Sub-Centre at Shahpur, Block Tumakuru","Karnataka","Tumakuru","Tumakuru Parliamentary Constituency","Tejasvi Surya","Healthcare","Primary Health Centre",1510000,1510000,1411850,"2025-06-10","2025-07-02","2026-04-02","2026-04-04","Completed",100,"PWD (Health Division)",14.5823,76.5189,4712,"facility",1
"MPL-2023-MA-0145","Establishment of Youth Digital Library and E-Learning Hub at Shivpur, Block Bhopal","Madhya Pradesh","Bhopal","Bhopal Parliamentary Constituency","Alok Sharma","Education","Public Library",1410000,1410000,1720200,"2023-07-17","2023-08-09","2024-03-09","2024-04-23","Completed",100,"District Library Authority",22.8334,76.9769,4792,"library",NaN
"MPL-2024-GU-0146","Construction of Underground Covered RCC Drain in Govindpur, Block Surat","Gujarat","Surat","Surat Parliamentary Constituency","H. S. Patel","Water & Sanitation","Drainage Network",2010000,2010000,1939650,"2024-08-24","2024-09-17","2025-03-17","2025-03-21","Completed",100,"Jal Sansthan",22.7137,70.5274,5712,"km",2.7
"MPL-2025-OD-0147","Construction of Model Anganwadi Child Care Centre in Village Madhopur, Block Ganjam","Odisha","Ganjam","Ganjam Parliamentary Constituency","Aparajita Sarangi","Rural Development","Anganwadi Centre",910000,910000,389025,"2025-09-06","2025-10-01","2026-01-01","","In Progress",45,"Rural Works Organization",22.0017,85.4485,2592,"centres",1
"MPL-2023-WE-0148","Modernization of Moksha Dham / Crematorium Shed with Solar Lights at Mohanpur, Block Hooghly","West Bengal","Hooghly","Hooghly Parliamentary Constituency","S. Bandyopadhyay","Public Amenities","Crematorium Shed",1110000,1110000,1104450,"2023-10-13","2023-11-08","2024-03-08","2024-03-14","Completed",100,"Zila Parishad",24.6318,89.22,3032,"shed",NaN
"MPL-2024-AS-0149","Installation of Open Gym Equipment and Play Ground Development in Sundarpur, Block Silchar","Assam","Silchar","Silchar Parliamentary Constituency","Gaurav Gogoi","Sports & Youth Affairs","Open Gym & Sports",810000,810000,818100,"2024-11-20","2024-12-17","2025-04-17","2025-04-24","Completed",100,"Municipal Board",24.9406,91.8176,2872,"facility",1
"MPL-2025-KE-0150","Construction of CC Road and Interlocking Pavement in Narayanpur, Block Thrissur","Kerala","Thrissur","Thrissur Parliamentary Constituency","Shashi Tharoor","Infrastructure","Road Construction",1810000,1810000,1855250,"2025-12-02","2025-12-30","2026-07-30","2026-08-07","Completed",100,"Zila Parishad Engineering Wing",10.1855,76.1661,4272,"km",0.8
"MPL-2023-UT-0151","Construction of Dr. Ambedkar Community Center & Bhavan at Sitapur, Block Ghaziabad","Uttar Pradesh","Ghaziabad","Ghaziabad Parliamentary Constituency","Rajveer Singh","Public Amenities","Community Hall",2210000,2210000,2033200,"2023-01-09","2023-02-07","2023-12-07","2023-12-16","Completed",100,"Rural Development Authority",26.7767,81.8562,4952,"sq.m",322
"MPL-2024-MA-0152","Installation of Solar-Powered Deep Tube Well & RO Plant in Bhagwanpur, Block Nagpur","Maharashtra","Nagpur","Nagpur Parliamentary Constituency","Sanjay Deshmukh","Water & Sanitation","Drinking Water Borewell",610000,610000,570350,"2024-02-16","2024-03-17","2024-06-17","2024-06-27","Completed",100,"Jal Nigam",20.2765,74.1389,3232,"points",3
"MPL-2025-BI-0153","Supply and Erection of 60W LED Solar Street Lights in Gram Panchayat Keshopur, Block Nalanda","Bihar","Nalanda","Nalanda Parliamentary Constituency","Sanjay Jha","Energy & Lighting","Solar Street Lights",1210000,1210000,1149500,"2025-03-23","2025-04-23","2025-09-23","2025-10-04","Completed",100,"District Rural Development Agency",26.2161,84.7531,4152,"units",78
"MPL-2023-TA-0154","Construction of 4 Additional Smart Classrooms at Govt Secondary School, Shahpur, Block Chennai","Tamil Nadu","Chennai","Chennai Parliamentary Constituency","K. Kanimozhi","Education","School Classroom Block",2410000,2410000,1265732,"2023-04-05","2023-05-07","2024-02-07","","In Progress",52,"State Educational Infrastructure Dev Corp",12.8421,79.1119,5792,"classrooms",3
"MPL-2024-RA-0155","Renovation and Medical Equipment Upgrade for PHC Sub-Centre at Shivpur, Block Jodhpur","Rajasthan","Jodhpur","Jodhpur Parliamentary Constituency","Gajendra S. Shekhawat","Healthcare","Primary Health Centre",1510000,1510000,1479800,"2024-05-12","2024-06-14","2025-02-14","2025-02-27","Completed",100,"State Health System Corp",25.8338,75.6879,4912,"facility",1
"MPL-2025-KA-0156","Establishment of Youth Digital Library and E-Learning Hub at Govindpur, Block Tumakuru","Karnataka","Tumakuru","Tumakuru Parliamentary Constituency","Tejasvi Surya","Education","Public Library",1410000,1410000,1402950,"2025-06-19","2025-07-23","2026-03-23","2026-04-06","Completed",100,"Education Department",14.7223,74.6989,4992,"library",NaN
"MPL-2023-MA-0157","Construction of Underground Covered RCC Drain in Madhopur, Block Bhopal","Madhya Pradesh","Bhopal","Bhopal Parliamentary Constituency","Alok Sharma","Water & Sanitation","Drainage Network",2010000,2010000,2030100,"2023-07-01","2023-07-21","2023-12-21","2023-12-11","Completed",100,"Urban Local Bodies Directorate",22.9734,78.6569,3912,"km",3.1
"MPL-2024-GU-0158","Construction of Model Anganwadi Child Care Centre in Village Mohanpur, Block Surat","Gujarat","Surat","Surat Parliamentary Constituency","H. S. Patel","Rural Development","Anganwadi Centre",910000,910000,932750,"2024-08-08","2024-08-29","2024-12-29","2024-12-20","Completed",100,"Panchayat Samiti",22.8537,72.2074,2792,"centres",1
"MPL-2025-OD-0159","Modernization of Moksha Dham / Crematorium Shed with Solar Lights at Sundarpur, Block Ganjam","Odisha","Ganjam","Ganjam Parliamentary Constituency","Aparajita Sarangi","Public Amenities","Crematorium Shed",1110000,1110000,1309800,"2025-09-15","2025-10-07","2026-01-07","","Delayed",55,"District Rural Infrastructure Corp (DRIC)",22.1417,83.6285,3232,"shed",NaN
"MPL-2023-WE-0160","Installation of Open Gym Equipment and Play Ground Development in Narayanpur, Block Hooghly","West Bengal","Hooghly","Hooghly Parliamentary Constituency","S. Bandyopadhyay","Sports & Youth Affairs","Open Gym & Sports",810000,810000,757350,"2023-10-22","2023-11-14","2024-02-14","2024-02-07","Completed",100,"Sports & Youth Welfare Directorate",21.2718,87.4,3072,"facility",1
"MPL-2024-AS-0161","Construction of CC Road and Interlocking Pavement in Sitapur, Block Jorhat","Assam","Jorhat","Jorhat Parliamentary Constituency","Gaurav Gogoi","Infrastructure","Road Construction",1810000,1810000,1142653,"2024-11-04","2024-11-28","2025-07-28","","In Progress",59,"Rural Engineering Services (RES)",25.0806,93.4976,4472,"km",0.8
"MPL-2025-KE-0162","Construction of Dr. Ambedkar Community Center & Bhavan at Bhagwanpur, Block Thiruvananthapuram","Kerala","Thiruvananthapuram","Thiruvananthapuram Parliamentary Constituency","Shashi Tharoor","Public Amenities","Community Hall",2210000,2210000,884000,"2025-12-11","2026-01-05","2026-08-05","","Stalled",25,"Municipal Corporation",10.3255,77.8461,5152,"sq.m",265
"MPL-2023-UT-0163","Installation of Solar-Powered Deep Tube Well & RO Plant in Keshopur, Block Kanpur Nagar","Uttar Pradesh","Kanpur Nagar","Kanpur Nagar Parliamentary Constituency","Rajveer Singh","Water & Sanitation","Drinking Water Borewell",610000,610000,597800,"2023-01-18","2023-02-13","2023-04-13","2023-04-09","Completed",100,"Public Health Engineering Dept (PHED)",26.9167,80.0362,3432,"points",2
"MPL-2024-MA-0164","Supply and Erection of 60W LED Solar Street Lights in Gram Panchayat Shahpur, Block Solapur","Maharashtra","Solapur","Solapur Parliamentary Constituency","Sanjay Deshmukh","Energy & Lighting","Solar Street Lights",1210000,1210000,1203950,"2024-02-25","2024-03-23","2024-07-23","2024-07-20","Completed",100,"Zila Panchayat Electrical Wing",20.4165,75.8189,4352,"units",41
"MPL-2025-BI-0165","Construction of 4 Additional Smart Classrooms at Govt Secondary School, Shivpur, Block Darbhanga","Bihar","Darbhanga","Darbhanga Parliamentary Constituency","Sanjay Jha","Education","School Classroom Block",2410000,2410000,2434100,"2025-03-07","2025-04-04","2025-12-04","2025-12-02","Completed",100,"Samagra Shiksha Abhiyan Cell",26.3561,86.4331,5992,"classrooms",5
"MPL-2023-TA-0166","Renovation and Medical Equipment Upgrade for PHC Sub-Centre at Govindpur, Block Tirunelveli","Tamil Nadu","Tirunelveli","Tirunelveli Parliamentary Constituency","K. Kanimozhi","Healthcare","Primary Health Centre",1510000,1510000,1547750,"2023-04-14","2023-05-13","2023-12-13","2023-12-12","Completed",100,"National Health Mission (NHM) Cell",9.4821,77.2919,5112,"facility",1
"MPL-2024-RA-0167","Establishment of Youth Digital Library and E-Learning Hub at Madhopur, Block Alwar","Rajasthan","Alwar","Alwar Parliamentary Constituency","Gajendra S. Shekhawat","Education","Public Library",1410000,1410000,1297200,"2024-05-21","2024-06-20","2024-10-20","2024-10-20","Completed",100,"Zila Parishad",25.9738,73.8679,3192,"library",NaN
"MPL-2025-KA-0168","Construction of Underground Covered RCC Drain in Mohanpur, Block Tumakuru","Karnataka","Tumakuru","Tumakuru Parliamentary Constituency","Tejasvi Surya","Water & Sanitation","Drainage Network",2010000,2010000,1909500,"2025-06-03","2025-07-04","2026-05-04","","In Progress",70,"District Rural Infrastructure Corp (DRIC)",14.8623,76.3789,4112,"km",1.2
"MPL-2023-MA-0169","Construction of Model Anganwadi Child Care Centre in Village Sundarpur, Block Bhopal","Madhya Pradesh","Bhopal","Bhopal Parliamentary Constituency","Alok Sharma","Rural Development","Anganwadi Centre",910000,910000,864500,"2023-07-10","2023-08-11","2024-01-11","2024-01-13","Completed",100,"Women & Child Development Dept",23.1134,80.3369,2992,"centres",1
"MPL-2024-GU-0170","Modernization of Moksha Dham / Crematorium Shed with Solar Lights at Narayanpur, Block Surat","Gujarat","Surat","Surat Parliamentary Constituency","H. S. Patel","Public Amenities","Crematorium Shed",1110000,1110000,1071150,"2024-08-17","2024-09-19","2025-03-19","2025-03-22","Completed",100,"Municipal Council",22.9937,70.3874,3432,"shed",NaN
"MPL-2025-OD-0171","Installation of Open Gym Equipment and Play Ground Development in Sitapur, Block Ganjam","Odisha","Ganjam","Ganjam Parliamentary Constituency","Aparajita Sarangi","Sports & Youth Affairs","Open Gym & Sports",810000,810000,793800,"2025-09-24","2025-10-28","2025-12-28","2026-01-01","Completed",100,"Panchayat Sports Wing",22.2817,85.3085,3272,"facility",1
"MPL-2023-WE-0172","Construction of CC Road and Interlocking Pavement in Bhagwanpur, Block Hooghly","West Bengal","Hooghly","Hooghly Parliamentary Constituency","S. Bandyopadhyay","Infrastructure","Road Construction",1810000,1810000,1800950,"2023-10-06","2023-10-26","2024-02-26","2024-03-02","Completed",100,"Public Works Department (PWD)",21.4118,89.08,4672,"km",0.8
"MPL-2024-AS-0173","Construction of Dr. Ambedkar Community Center & Bhavan at Keshopur, Block Dibrugarh","Assam","Dibrugarh","Dibrugarh Parliamentary Constituency","Gaurav Gogoi","Public Amenities","Community Hall",2210000,2210000,2232100,"2024-11-13","2024-12-04","2025-11-04","2025-11-10","Completed",100,"Zila Parishad",25.2206,91.6776,5352,"sq.m",408
"MPL-2025-KE-0174","Installation of Solar-Powered Deep Tube Well & RO Plant in Shahpur, Block Kozhikode","Kerala","Kozhikode","Kozhikode Parliamentary Constituency","Shashi Tharoor","Water & Sanitation","Drinking Water Borewell",610000,610000,625250,"2025-12-20","2026-01-11","2026-06-11","2026-06-18","Completed",100,"Panchayati Raj Dept",10.4655,76.0261,3632,"points",5
"MPL-2023-UT-0175","Supply and Erection of 60W LED Solar Street Lights in Gram Panchayat Shivpur, Block Meerut","Uttar Pradesh","Meerut","Meerut Parliamentary Constituency","Rajveer Singh","Energy & Lighting","Solar Street Lights",1210000,1210000,918632,"2023-01-02","2023-01-25","2023-04-25","","In Progress",73,"State Renewable Energy Dev Agency",27.0567,81.7162,4552,"units",64
"MPL-2024-MA-0176","Construction of 4 Additional Smart Classrooms at Govt Secondary School, Govindpur, Block Nagpur","Maharashtra","Nagpur","Nagpur Parliamentary Constituency","Sanjay Deshmukh","Education","School Classroom Block",2410000,2410000,2253350,"2024-02-09","2024-03-04","2024-10-04","2024-10-13","Completed",100,"PWD (Building Division)",20.5565,73.9989,6192,"classrooms",4
"MPL-2025-BI-0177","Renovation and Medical Equipment Upgrade for PHC Sub-Centre at Madhopur, Block Muzaffarpur","Bihar","Muzaffarpur","Muzaffarpur Parliamentary Constituency","Sanjay Jha","Healthcare","Primary Health Centre",1510000,1510000,1434500,"2025-03-16","2025-04-10","2025-10-10","2025-10-20","Completed",100,"PWD (Health Division)",26.4961,84.6131,3312,"facility",1
"MPL-2023-TA-0178","Establishment of Youth Digital Library and E-Learning Hub at Mohanpur, Block Salem","Tamil Nadu","Salem","Salem Parliamentary Constituency","K. Kanimozhi","Education","Public Library",1410000,1410000,1198500,"2023-04-23","2023-05-19","2023-10-19","","Delayed",65,"District Library Authority",9.6221,78.9719,3392,"library",NaN
"MPL-2024-RA-0179","Construction of Underground Covered RCC Drain in Sundarpur, Block Ajmer","Rajasthan","Ajmer","Ajmer Parliamentary Constituency","Gajendra S. Shekhawat","Water & Sanitation","Drainage Network",2010000,2010000,1969800,"2024-05-05","2024-06-01","2025-03-01","2025-03-13","Completed",100,"Jal Sansthan",26.1138,75.5479,4312,"km",1.6
"MPL-2025-KA-0180","Construction of Model Anganwadi Child Care Centre in Village Narayanpur, Block Tumakuru","Karnataka","Tumakuru","Tumakuru Parliamentary Constituency","Tejasvi Surya","Rural Development","Anganwadi Centre",910000,910000,905450,"2025-06-12","2025-07-10","2026-01-10","2026-01-23","Completed",100,"Rural Works Organization",15.0023,74.5589,3192,"centres",1
"MPL-2023-MA-0181","Modernization of Moksha Dham / Crematorium Shed with Solar Lights at Sitapur, Block Bhopal","Madhya Pradesh","Bhopal","Bhopal Parliamentary Constituency","Alok Sharma","Public Amenities","Crematorium Shed",1110000,1110000,1121100,"2023-07-19","2023-08-17","2024-01-17","2024-01-31","Completed",100,"Zila Parishad",23.2534,78.5169,3632,"shed",NaN
"MPL-2024-GU-0182","Installation of Open Gym Equipment and Play Ground Development in Bhagwanpur, Block Surat","Gujarat","Surat","Surat Parliamentary Constituency","H. S. Patel","Sports & Youth Affairs","Open Gym & Sports",810000,810000,615600,"2024-08-01","2024-08-31","2025-01-31","","In Progress",80,"Municipal Board",23.1337,72.0674,3472,"facility",1
"MPL-2025-OD-0183","Construction of CC Road and Interlocking Pavement in Keshopur, Block Ganjam","Odisha","Ganjam","Ganjam Parliamentary Constituency","Aparajita Sarangi","Infrastructure","Road Construction",1810000,1810000,1665200,"2025-09-08","2025-10-09","2026-03-09","2026-02-28","Completed",100,"Zila Parishad Engineering Wing",22.4217,83.4885,4872,"km",0.8
"MPL-2023-WE-0184","Construction of Dr. Ambedkar Community Center & Bhavan at Shahpur, Block Hooghly","West Bengal","Hooghly","Hooghly Parliamentary Constituency","S. Bandyopadhyay","Public Amenities","Community Hall",2210000,2210000,2066350,"2023-10-15","2023-11-16","2024-07-16","2024-07-08","Completed",100,"Rural Development Authority",21.5518,87.26,5552,"sq.m",351
"MPL-2024-AS-0185","Installation of Solar-Powered Deep Tube Well & RO Plant in Shivpur, Block Nagaon","Assam","Nagaon","Nagaon Parliamentary Constituency","Gaurav Gogoi","Water & Sanitation","Drinking Water Borewell",610000,610000,579500,"2024-11-22","2024-12-25","2025-04-25","2025-04-18","Completed",100,"Jal Nigam",25.3606,93.3576,3832,"points",4
"MPL-2025-KE-0186","Supply and Erection of 60W LED Solar Street Lights in Gram Panchayat Govindpur, Block Kollam","Kerala","Kollam","Kollam Parliamentary Constituency","Shashi Tharoor","Energy & Lighting","Solar Street Lights",1210000,1210000,1167650,"2025-12-04","2026-01-07","2026-07-07","2026-07-01","Completed",100,"District Rural Development Agency",10.6055,77.7061,4752,"units",87
"MPL-2023-UT-0187","Construction of 4 Additional Smart Classrooms at Govt Secondary School, Madhopur, Block Lucknow","Uttar Pradesh","Lucknow","Lucknow Parliamentary Constituency","Rajveer Singh","Education","School Classroom Block",2410000,2410000,2361800,"2023-01-11","2023-01-31","2023-07-31","2023-07-26","Completed",100,"State Educational Infrastructure Dev Corp",27.1967,79.8962,4392,"classrooms",3
"MPL-2024-MA-0188","Renovation and Medical Equipment Upgrade for PHC Sub-Centre at Mohanpur, Block Solapur","Maharashtra","Solapur","Solapur Parliamentary Constituency","Sanjay Deshmukh","Healthcare","Primary Health Centre",1510000,1510000,1502450,"2024-02-18","2024-03-10","2024-08-10","2024-08-06","Completed",100,"State Health System Corp",20.6965,75.6789,3512,"facility",1
"MPL-2025-BI-0189","Establishment of Youth Digital Library and E-Learning Hub at Sundarpur, Block Patna","Bihar","Patna","Patna Parliamentary Constituency","Sanjay Jha","Education","Public Library",1410000,1410000,598122,"2025-03-25","2025-04-16","2025-10-16","","In Progress",42,"Education Department",26.6361,86.2931,3592,"library",NaN
"MPL-2023-TA-0190","Construction of Underground Covered RCC Drain in Narayanpur, Block Coimbatore","Tamil Nadu","Coimbatore","Coimbatore Parliamentary Constituency","K. Kanimozhi","Water & Sanitation","Drainage Network",2010000,2010000,2060250,"2023-04-07","2023-04-30","2023-12-30","2023-12-28","Completed",100,"Urban Local Bodies Directorate",9.7621,77.1519,4512,"km",2
"MPL-2024-RA-0191","Construction of Model Anganwadi Child Care Centre in Village Sitapur, Block Udaipur","Rajasthan","Udaipur","Udaipur Parliamentary Constituency","Gajendra S. Shekhawat","Rural Development","Anganwadi Centre",910000,910000,1110200,"2024-05-14","2024-06-07","2025-01-07","2025-02-21","Completed",100,"Panchayat Samiti",26.2538,73.7279,3392,"centres",1
"MPL-2025-KA-0192","Modernization of Moksha Dham / Crematorium Shed with Solar Lights at Bhagwanpur, Block Tumakuru","Karnataka","Tumakuru","Tumakuru Parliamentary Constituency","Tejasvi Surya","Public Amenities","Crematorium Shed",1110000,1110000,1054500,"2025-06-21","2025-07-16","2025-11-16","","In Progress",70,"District Rural Infrastructure Corp (DRIC)",15.1423,76.2389,3832,"shed",NaN
"MPL-2023-MA-0193","Installation of Open Gym Equipment and Play Ground Development in Keshopur, Block Bhopal","Madhya Pradesh","Bhopal","Bhopal Parliamentary Constituency","Alok Sharma","Sports & Youth Affairs","Open Gym & Sports",810000,810000,324000,"2023-07-03","2023-07-29","2023-11-29","","Stalled",25,"Sports & Youth Welfare Directorate",23.3934,80.1969,3672,"facility",1
"MPL-2024-GU-0194","Construction of CC Road and Interlocking Pavement in Shahpur, Block Surat","Gujarat","Surat","Surat Parliamentary Constituency","H. S. Patel","Infrastructure","Road Construction",1810000,1810000,1746650,"2024-08-10","2024-09-06","2025-03-06","2025-03-08","Completed",100,"Rural Engineering Services (RES)",23.2737,70.2474,5072,"km",0.8
"MPL-2025-OD-0195","Construction of Dr. Ambedkar Community Center & Bhavan at Shivpur, Block Ganjam","Odisha","Ganjam","Ganjam Parliamentary Constituency","Aparajita Sarangi","Public Amenities","Community Hall",2210000,2210000,2165800,"2025-09-17","2025-10-15","2026-10-15","2026-10-18","Completed",100,"Municipal Corporation",22.5617,85.1685,5752,"sq.m",294
"MPL-2023-WE-0196","Installation of Solar-Powered Deep Tube Well & RO Plant in Govindpur, Block Hooghly","West Bengal","Hooghly","Hooghly Parliamentary Constituency","S. Bandyopadhyay","Water & Sanitation","Drinking Water Borewell",610000,610000,319823,"2023-10-24","2023-11-22","2024-02-22","","In Progress",49,"Public Health Engineering Dept (PHED)",21.6918,88.94,4032,"points",3
"MPL-2024-AS-0197","Supply and Erection of 60W LED Solar Street Lights in Gram Panchayat Madhopur, Block Kamrup Metropolitan","Assam","Kamrup Metropolitan","Kamrup Metropolitan Parliamentary Constituency","Gaurav Gogoi","Energy & Lighting","Solar Street Lights",1210000,1210000,1028500,"2024-11-06","2024-12-06","2025-05-06","","Delayed",65,"Zila Panchayat Electrical Wing",25.5006,91.5376,2952,"units",50
"MPL-2025-KE-0198","Construction of 4 Additional Smart Classrooms at Govt Secondary School, Mohanpur, Block Ernakulam","Kerala","Ernakulam","Ernakulam Parliamentary Constituency","Shashi Tharoor","Education","School Classroom Block",2410000,2410000,2470250,"2025-12-13","2026-01-13","2026-12-13","2026-12-19","Completed",100,"Samagra Shiksha Abhiyan Cell",10.7455,75.8861,4592,"classrooms",5
"MPL-2023-UT-0199","Renovation and Medical Equipment Upgrade for PHC Sub-Centre at Sundarpur, Block Gorakhpur","Uttar Pradesh","Gorakhpur","Gorakhpur Parliamentary Constituency","Rajveer Singh","Healthcare","Primary Health Centre",1510000,1510000,1389200,"2023-01-20","2023-02-21","2023-06-21","2023-06-28","Completed",100,"National Health Mission (NHM) Cell",27.3367,81.5762,3712,"facility",1
"MPL-2024-MA-0200","Establishment of Youth Digital Library and E-Learning Hub at Narayanpur, Block Nagpur","Maharashtra","Nagpur","Nagpur Parliamentary Constituency","Sanjay Deshmukh","Education","Public Library",1410000,1410000,1318350,"2024-02-02","2024-03-06","2024-10-06","2024-10-14","Completed",100,"Zila Parishad",20.8365,77.3589,3792,"library",NaN
"MPL-2025-BI-0201","Construction of Underground Covered RCC Drain in Sitapur, Block Purnia","Bihar","Purnia","Purnia Parliamentary Constituency","Sanjay Jha","Water & Sanitation","Drainage Network",2010000,2010000,2371800,"2025-03-09","2025-04-12","2025-11-12","","Delayed",55,"District Rural Infrastructure Corp (DRIC)",26.7761,84.4731,4712,"km",2.4
"MPL-2023-TA-0202","Construction of Model Anganwadi Child Care Centre in Village Bhagwanpur, Block Vellore","Tamil Nadu","Vellore","Vellore Parliamentary Constituency","K. Kanimozhi","Rural Development","Anganwadi Centre",910000,910000,878150,"2023-04-16","2023-05-06","2023-08-06","2023-08-16","Completed",100,"Women & Child Development Dept",9.9021,78.8319,3592,"centres",1
"MPL-2024-RA-0203","Modernization of Moksha Dham / Crematorium Shed with Solar Lights at Keshopur, Block Jaipur","Rajasthan","Jaipur","Jaipur Parliamentary Constituency","Gajendra S. Shekhawat","Public Amenities","Crematorium Shed",1110000,1110000,609168,"2024-05-23","2024-06-13","2024-09-13","","In Progress",56,"Municipal Council",26.3938,75.4079,4032,"shed",NaN
"MPL-2025-KA-0204","Installation of Open Gym Equipment and Play Ground Development in Shahpur, Block Tumakuru","Karnataka","Tumakuru","Tumakuru Parliamentary Constituency","Tejasvi Surya","Sports & Youth Affairs","Open Gym & Sports",810000,810000,805950,"2025-06-05","2025-06-27","2025-09-27","2025-10-09","Completed",100,"Panchayat Sports Wing",15.2823,74.4189,3872,"facility",1
"MPL-2023-MA-0205","Construction of CC Road and Interlocking Pavement in Shivpur, Block Bhopal","Madhya Pradesh","Bhopal","Bhopal Parliamentary Constituency","Alok Sharma","Infrastructure","Road Construction",1810000,1810000,1828100,"2023-07-12","2023-08-04","2024-03-04","2024-03-17","Completed",100,"Public Works Department (PWD)",23.5334,78.3769,5272,"km",0.8
"MPL-2024-GU-0206","Construction of Dr. Ambedkar Community Center & Bhavan at Govindpur, Block Surat","Gujarat","Surat","Surat Parliamentary Constituency","H. S. Patel","Public Amenities","Community Hall",2210000,2210000,2265250,"2024-08-19","2024-09-12","2025-06-12","2025-06-26","Completed",100,"Zila Parishad",23.4137,71.9274,5952,"sq.m",437
"MPL-2025-OD-0207","Installation of Solar-Powered Deep Tube Well & RO Plant in Madhopur, Block Ganjam","Odisha","Ganjam","Ganjam Parliamentary Constituency","Aparajita Sarangi","Water & Sanitation","Drinking Water Borewell",610000,610000,561200,"2025-09-01","2025-09-26","2025-11-26","2025-11-16","Completed",100,"Panchayati Raj Dept",19.2017,83.3485,2232,"points",2
"MPL-2023-WE-0208","Supply and Erection of 60W LED Solar Street Lights in Gram Panchayat Mohanpur, Block Hooghly","West Bengal","Hooghly","Hooghly Parliamentary Constituency","S. Bandyopadhyay","Energy & Lighting","Solar Street Lights",1210000,1210000,1131350,"2023-10-08","2023-11-03","2024-03-03","2024-02-23","Completed",100,"State Renewable Energy Dev Agency",21.8318,87.12,3152,"units",73
"MPL-2024-AS-0209","Construction of 4 Additional Smart Classrooms at Govt Secondary School, Sundarpur, Block Silchar","Assam","Silchar","Silchar Parliamentary Constituency","Gaurav Gogoi","Education","School Classroom Block",2410000,2410000,2289500,"2024-11-15","2024-12-12","2025-10-12","2025-10-04","Completed",100,"PWD (Building Division)",25.6406,93.2176,4792,"classrooms",4
"MPL-2025-KE-0210","Renovation and Medical Equipment Upgrade for PHC Sub-Centre at Narayanpur, Block Thrissur","Kerala","Thrissur","Thrissur Parliamentary Constituency","Shashi Tharoor","Healthcare","Primary Health Centre",1510000,1510000,989352,"2025-12-22","2026-01-19","2026-10-19","","In Progress",63,"PWD (Health Division)",10.8855,77.5661,3912,"facility",1
"MPL-2023-UT-0211","Establishment of Youth Digital Library and E-Learning Hub at Sitapur, Block Ghaziabad","Uttar Pradesh","Ghaziabad","Ghaziabad Parliamentary Constituency","Rajveer Singh","Education","Public Library",1410000,1410000,1381800,"2023-01-04","2023-02-02","2023-10-02","2023-09-26","Completed",100,"District Library Authority",27.4767,79.7562,3992,"library",NaN
"MPL-2024-MA-0212","Construction of Underground Covered RCC Drain in Bhagwanpur, Block Solapur","Maharashtra","Solapur","Solapur Parliamentary Constituency","Sanjay Deshmukh","Water & Sanitation","Drainage Network",2010000,2010000,1999950,"2024-02-11","2024-03-12","2024-09-12","2024-09-07","Completed",100,"Jal Sansthan",20.9765,75.5389,4912,"km",2.8
"MPL-2025-BI-0213","Construction of Model Anganwadi Child Care Centre in Village Keshopur, Block Bhagalpur","Bihar","Bhagalpur","Bhagalpur Parliamentary Constituency","Sanjay Jha","Rural Development","Anganwadi Centre",910000,910000,919100,"2025-03-18","2025-04-18","2025-08-18","2025-08-14","Completed",100,"Rural Works Organization",23.4161,86.1531,3792,"centres",1
"MPL-2023-TA-0214","Modernization of Moksha Dham / Crematorium Shed with Solar Lights at Shahpur, Block Tiruchirappalli","Tamil Nadu","Tiruchirappalli","Tiruchirappalli Parliamentary Constituency","K. Kanimozhi","Public Amenities","Crematorium Shed",1110000,1110000,1354200,"2023-04-25","2023-05-27","2023-11-27","2024-01-11","Completed",100,"Zila Parishad",10.0421,77.0119,4232,"shed",NaN
"MPL-2024-RA-0215","Installation of Open Gym Equipment and Play Ground Development in Shivpur, Block Bikaner","Rajasthan","Bikaner","Bikaner Parliamentary Constituency","Gajendra S. Shekhawat","Sports & Youth Affairs","Open Gym & Sports",810000,810000,745200,"2024-05-07","2024-06-09","2024-08-09","2024-08-07","Completed",100,"Municipal Board",26.5338,73.5879,4072,"facility",1
"MPL-2025-KA-0216","Construction of CC Road and Interlocking Pavement in Govindpur, Block Tumakuru","Karnataka","Tumakuru","Tumakuru Parliamentary Constituency","Tejasvi Surya","Infrastructure","Road Construction",1810000,1810000,1538500,"2025-06-14","2025-07-18","2026-03-18","","Delayed",65,"Zila Parishad Engineering Wing",15.4223,76.0989,5472,"km",0.8
"MPL-2023-MA-0217","Construction of Dr. Ambedkar Community Center & Bhavan at Madhopur, Block Bhopal","Madhya Pradesh","Bhopal","Bhopal Parliamentary Constituency","Alok Sharma","Public Amenities","Community Hall",2210000,2210000,1469650,"2023-07-21","2023-08-10","2024-02-10","","In Progress",70,"Rural Development Authority",23.6734,80.0569,4152,"sq.m",380
"MPL-2024-GU-0218","Installation of Solar-Powered Deep Tube Well & RO Plant in Mohanpur, Block Surat","Gujarat","Surat","Surat Parliamentary Constituency","H. S. Patel","Water & Sanitation","Drinking Water Borewell",610000,610000,588650,"2024-08-03","2024-08-24","2025-01-24","2025-01-25","Completed",100,"Jal Nigam",23.5537,70.1074,2432,"points",5
"MPL-2025-OD-0219","Supply and Erection of 60W LED Solar Street Lights in Gram Panchayat Sundarpur, Block Ganjam","Odisha","Ganjam","Ganjam Parliamentary Constituency","Aparajita Sarangi","Energy & Lighting","Solar Street Lights",1210000,1210000,1185800,"2025-09-10","2025-10-02","2026-01-02","2026-01-04","Completed",100,"District Rural Development Agency",19.3417,85.0285,3352,"units",96
"MPL-2023-WE-0220","Construction of 4 Additional Smart Classrooms at Govt Secondary School, Narayanpur, Block Hooghly","West Bengal","Hooghly","Hooghly Parliamentary Constituency","S. Bandyopadhyay","Education","School Classroom Block",2410000,2410000,2397950,"2023-10-17","2023-11-09","2024-08-09","2024-08-12","Completed",100,"State Educational Infrastructure Dev Corp",21.9718,88.8,4992,"classrooms",3
"MPL-2024-AS-0221","Renovation and Medical Equipment Upgrade for PHC Sub-Centre at Sitapur, Block Jorhat","Assam","Jorhat","Jorhat Parliamentary Constituency","Gaurav Gogoi","Healthcare","Primary Health Centre",1510000,1510000,1525100,"2024-11-24","2024-12-18","2025-08-18","2025-08-22","Completed",100,"State Health System Corp",25.7806,91.3976,4112,"facility",1
"MPL-2025-KE-0222","Establishment of Youth Digital Library and E-Learning Hub at Bhagwanpur, Block Thiruvananthapuram","Kerala","Thiruvananthapuram","Thiruvananthapuram Parliamentary Constituency","Shashi Tharoor","Education","Public Library",1410000,1410000,1445250,"2025-12-06","2025-12-31","2026-05-01","2026-05-06","Completed",100,"Education Department",11.0255,75.7461,4192,"library",NaN
"MPL-2023-UT-0223","Construction of Underground Covered RCC Drain in Keshopur, Block Kanpur Nagar","Uttar Pradesh","Kanpur Nagar","Kanpur Nagar Parliamentary Constituency","Rajveer Singh","Water & Sanitation","Drainage Network",2010000,2010000,1849200,"2023-01-13","2023-02-08","2023-07-08","2023-07-14","Completed",100,"Urban Local Bodies Directorate",27.6167,81.4362,5112,"km",3.2
"MPL-2024-MA-0224","Construction of Model Anganwadi Child Care Centre in Village Shahpur, Block Nagpur","Maharashtra","Nagpur","Nagpur Parliamentary Constituency","Sanjay Deshmukh","Rural Development","Anganwadi Centre",910000,910000,707707,"2024-02-20","2024-03-18","2024-08-18","","In Progress",77,"Panchayat Samiti",21.1165,77.2189,3992,"centres",1
"MPL-2025-BI-0225","Modernization of Moksha Dham / Crematorium Shed with Solar Lights at Shivpur, Block Gaya","Bihar","Gaya","Gaya Parliamentary Constituency","Sanjay Jha","Public Amenities","Crematorium Shed",1110000,1110000,1309800,"2025-03-02","2025-03-30","2025-08-30","","Delayed",55,"District Rural Infrastructure Corp (DRIC)",23.5561,84.3331,4432,"shed",NaN
"MPL-2023-TA-0226","Installation of Open Gym Equipment and Play Ground Development in Govindpur, Block Madurai","Tamil Nadu","Madurai","Madurai Parliamentary Constituency","K. Kanimozhi","Sports & Youth Affairs","Open Gym & Sports",810000,810000,781650,"2023-04-09","2023-05-08","2023-10-08","2023-10-17","Completed",100,"Sports & Youth Welfare Directorate",10.1821,78.6919,4272,"facility",1
"MPL-2024-RA-0227","Construction of CC Road and Interlocking Pavement in Madhopur, Block Kota","Rajasthan","Kota","Kota Parliamentary Constituency","Gajendra S. Shekhawat","Infrastructure","Road Construction",1810000,1810000,1773800,"2024-05-16","2024-06-15","2024-10-15","2024-10-25","Completed",100,"Rural Engineering Services (RES)",26.6738,75.2679,3672,"km",0.8
"MPL-2025-KA-0228","Construction of Dr. Ambedkar Community Center & Bhavan at Mohanpur, Block Tumakuru","Karnataka","Tumakuru","Tumakuru Parliamentary Constituency","Tejasvi Surya","Public Amenities","Community Hall",2210000,2210000,2198950,"2025-06-23","2025-07-24","2026-05-24","2026-06-04","Completed",100,"Municipal Corporation",15.5623,74.2789,4352,"sq.m",323
"MPL-2023-MA-0229","Installation of Solar-Powered Deep Tube Well & RO Plant in Sundarpur, Block Bhopal","Madhya Pradesh","Bhopal","Bhopal Parliamentary Constituency","Alok Sharma","Water & Sanitation","Drinking Water Borewell",610000,610000,616100,"2023-07-05","2023-08-06","2023-12-06","2023-12-18","Completed",100,"Public Health Engineering Dept (PHED)",23.8134,78.2369,2632,"points",4
"MPL-2024-GU-0230","Supply and Erection of 60W LED Solar Street Lights in Gram Panchayat Narayanpur, Block Surat","Gujarat","Surat","Surat Parliamentary Constituency","H. S. Patel","Energy & Lighting","Solar Street Lights",1210000,1210000,1240250,"2024-08-12","2024-09-14","2025-03-14","2025-03-27","Completed",100,"Zila Panchayat Electrical Wing",23.6937,71.7874,3552,"units",59
"MPL-2025-OD-0231","Construction of 4 Additional Smart Classrooms at Govt Secondary School, Sitapur, Block Ganjam","Odisha","Ganjam","Ganjam Parliamentary Constituency","Aparajita Sarangi","Education","School Classroom Block",2410000,2410000,2166108,"2025-09-19","2025-10-23","2026-06-23","","In Progress",84,"Samagra Shiksha Abhiyan Cell",19.4817,86.7085,5192,"classrooms",5
"MPL-2023-WE-0232","Renovation and Medical Equipment Upgrade for PHC Sub-Centre at Bhagwanpur, Block Hooghly","West Bengal","Hooghly","Hooghly Parliamentary Constituency","S. Bandyopadhyay","Healthcare","Primary Health Centre",1510000,1510000,1411850,"2023-10-01","2023-10-21","2024-05-21","2024-05-11","Completed",100,"National Health Mission (NHM) Cell",22.1118,86.98,4312,"facility",1
"MPL-2024-AS-0233","Establishment of Youth Digital Library and E-Learning Hub at Keshopur, Block Dibrugarh","Assam","Dibrugarh","Dibrugarh Parliamentary Constituency","Gaurav Gogoi","Education","Public Library",1410000,1410000,1339500,"2024-11-08","2024-11-29","2025-04-29","2025-04-20","Completed",100,"Zila Parishad",25.9206,93.0776,4392,"library",NaN
"MPL-2025-KE-0234","Construction of Underground Covered RCC Drain in Shahpur, Block Kozhikode","Kerala","Kozhikode","Kozhikode Parliamentary Constituency","Shashi Tharoor","Water & Sanitation","Drainage Network",2010000,2010000,1909500,"2025-12-15","2026-01-06","2026-11-06","","In Progress",70,"District Rural Infrastructure Corp (DRIC)",11.1655,77.4261,5312,"km",1.3
"MPL-2023-UT-0235","Construction of Model Anganwadi Child Care Centre in Village Shivpur, Block Meerut","Uttar Pradesh","Meerut","Meerut Parliamentary Constituency","Rajveer Singh","Rural Development","Anganwadi Centre",910000,910000,773500,"2023-01-22","2023-02-14","2023-08-14","","Delayed",65,"Women & Child Development Dept",27.7567,79.6162,4192,"centres",1
"MPL-2024-MA-0236","Modernization of Moksha Dham / Crematorium Shed with Solar Lights at Govindpur, Block Solapur","Maharashtra","Solapur","Solapur Parliamentary Constituency","Sanjay Deshmukh","Public Amenities","Crematorium Shed",1110000,1110000,1104450,"2024-02-04","2024-02-28","2024-06-28","2024-06-22","Completed",100,"Municipal Council",21.2565,75.3989,4632,"shed",NaN
"MPL-2025-BI-0237","Installation of Open Gym Equipment and Play Ground Development in Madhopur, Block Nalanda","Bihar","Nalanda","Nalanda Parliamentary Constituency","Sanjay Jha","Sports & Youth Affairs","Open Gym & Sports",810000,810000,988200,"2025-03-11","2025-04-05","2025-08-05","2025-09-19","Completed",100,"Panchayat Sports Wing",23.6961,86.0131,2472,"facility",1
"MPL-2023-TA-0238","Construction of CC Road and Interlocking Pavement in Mohanpur, Block Chennai","Tamil Nadu","Chennai","Chennai Parliamentary Constituency","K. Kanimozhi","Infrastructure","Road Construction",1810000,1810000,815948,"2023-04-18","2023-05-14","2023-10-14","","In Progress",46,"Public Works Department (PWD)",10.3221,80.3719,3872,"km",0.8
"MPL-2024-RA-0239","Construction of Dr. Ambedkar Community Center & Bhavan at Sundarpur, Block Jodhpur","Rajasthan","Jodhpur","Jodhpur Parliamentary Constituency","Gajendra S. Shekhawat","Public Amenities","Community Hall",2210000,2210000,2033200,"2024-05-25","2024-06-21","2025-01-21","2025-01-18","Completed",100,"Zila Parishad",26.8138,73.4479,4552,"sq.m",266
"MPL-2025-KA-0240","Installation of Solar-Powered Deep Tube Well & RO Plant in Narayanpur, Block Tumakuru","Karnataka","Tumakuru","Tumakuru Parliamentary Constituency","Tejasvi Surya","Water & Sanitation","Drinking Water Borewell",610000,610000,570350,"2025-06-07","2025-07-05","2025-10-05","2025-10-03","Completed",100,"Panchayati Raj Dept",15.7023,75.9589,2832,"points",3
"MPL-2023-MA-0241","Supply and Erection of 60W LED Solar Street Lights in Gram Panchayat Sitapur, Block Bhopal","Madhya Pradesh","Bhopal","Bhopal Parliamentary Constituency","Alok Sharma","Energy & Lighting","Solar Street Lights",1210000,1210000,1149500,"2023-07-14","2023-08-12","2024-01-12","2024-01-11","Completed",100,"State Renewable Energy Dev Agency",23.9534,79.9169,3752,"units",82
"MPL-2024-GU-0242","Construction of 4 Additional Smart Classrooms at Govt Secondary School, Bhagwanpur, Block Surat","Gujarat","Surat","Surat Parliamentary Constituency","H. S. Patel","Education","School Classroom Block",2410000,2410000,2325650,"2024-08-21","2024-09-20","2025-04-20","2025-04-20","Completed",100,"PWD (Building Division)",23.8337,69.9674,5392,"classrooms",4
"MPL-2025-OD-0243","Renovation and Medical Equipment Upgrade for PHC Sub-Centre at Keshopur, Block Ganjam","Odisha","Ganjam","Ganjam Parliamentary Constituency","Aparajita Sarangi","Healthcare","Primary Health Centre",1510000,1510000,1479800,"2025-09-03","2025-10-04","2026-04-04","2026-04-05","Completed",100,"PWD (Health Division)",19.6217,84.8885,4512,"facility",1
"MPL-2023-WE-0244","Establishment of Youth Digital Library and E-Learning Hub at Shahpur, Block Hooghly","West Bengal","Hooghly","Hooghly Parliamentary Constituency","S. Bandyopadhyay","Education","Public Library",1410000,1410000,1402950,"2023-10-10","2023-11-11","2024-05-11","2024-05-13","Completed",100,"District Library Authority",22.2518,88.66,4592,"library",NaN
"MPL-2024-AS-0245","Construction of Underground Covered RCC Drain in Shivpur, Block Nagaon","Assam","Nagaon","Nagaon Parliamentary Constituency","Gaurav Gogoi","Water & Sanitation","Drainage Network",2010000,2010000,1107912,"2024-11-17","2024-12-20","2025-09-20","","In Progress",53,"Jal Sansthan",26.0606,91.2576,5512,"km",1.7
"MPL-2025-KE-0246","Construction of Model Anganwadi Child Care Centre in Village Govindpur, Block Kollam","Kerala","Kollam","Kollam Parliamentary Constituency","Shashi Tharoor","Rural Development","Anganwadi Centre",910000,910000,932750,"2025-12-24","2026-01-27","2026-08-27","2026-08-31","Completed",100,"Rural Works Organization",11.3055,75.6061,4392,"centres",1
"MPL-2023-UT-0247","Modernization of Moksha Dham / Crematorium Shed with Solar Lights at Madhopur, Block Lucknow","Uttar Pradesh","Lucknow","Lucknow Parliamentary Constituency","Rajveer Singh","Public Amenities","Crematorium Shed",1110000,1110000,1021200,"2023-01-06","2023-01-26","2023-04-26","2023-05-01","Completed",100,"Zila Parishad",27.8967,81.2962,2832,"shed",NaN
"MPL-2024-MA-0248","Installation of Open Gym Equipment and Play Ground Development in Mohanpur, Block Nagpur","Maharashtra","Nagpur","Nagpur Parliamentary Constituency","Sanjay Deshmukh","Sports & Youth Affairs","Open Gym & Sports",810000,810000,757350,"2024-02-13","2024-03-05","2024-06-05","2024-06-11","Completed",100,"Municipal Board",21.3965,77.0789,2672,"facility",1
"MPL-2025-BI-0249","Construction of CC Road and Interlocking Pavement in Sundarpur, Block Darbhanga","Bihar","Darbhanga","Darbhanga Parliamentary Constituency","Sanjay Jha","Infrastructure","Road Construction",1810000,1810000,1719500,"2025-03-20","2025-04-11","2025-10-11","2025-10-18","Completed",100,"Zila Parishad Engineering Wing",23.8361,84.1931,4072,"km",0.8
"MPL-2023-TA-0250","Construction of Dr. Ambedkar Community Center & Bhavan at Narayanpur, Block Tirunelveli","Tamil Nadu","Tirunelveli","Tirunelveli Parliamentary Constituency","K. Kanimozhi","Public Amenities","Community Hall",2210000,2210000,2132650,"2023-04-02","2023-04-25","2024-03-25","2024-04-02","Completed",100,"Rural Development Authority",10.4621,78.5519,4752,"sq.m",409